{
"17aadnujm": {
"name": "ZTF17aadnujm",
"other": "ATO J095.0159+26.9691, EPIC 209856897, UCAC4 585-027642",
"desig": "USNO-B1.0 1169-0121338, 2MASS J06200383+2658090, GSC2.3 N8E7003000, Gaia DR3 3433024435517184256",
"gdr3": 3433024435517184256,
"epphot": false,
"coord": "06 20 03.834 +26 58 09.07",
"tic": 468381170,
"epic": 209856897,
"coordeg": [95.0159750, 26.9691861],
"type": "EA",
"max": 14.29,
"min": 14.93,
"min2": 14.71,
"system": "g",
"period": 7.35370,
"epoch": 2458450.238,
"2ndmin": 0.5,
"etype": "min",
"d": 0.038,
"G": 13.94,
"sp": "A5V",
"spref": "2019ApJS..245...34X",
"teff": 7652,
"logg": 4.10,
"comm": "",
"r": 1809,
"rp": 1792,
"vsxoid": 2388036,
"primref": "2018AJ....156..241H",
"atlaslim": {"o": 0.025, "c": 0.017},
"asaslim": {"V": 0.02, "g": 0.018},
"pslim": 0.1,
"atlasfnam": "17aadnujm-atlas.txt",
"asasfnamz": "17aadnujm-asas.csv",
"gaiadr3fnamz": "17aadnujm-gdr3.dat",
"crtsfnamz": "17aadnujm-crts.csv",
"ztfobj": ["17aadnujm"],
"curveshift": true,
"zcatf": "gri",
"clrshift": {"g": 0, "psg": 0.13, "r": -0.37, "psr": 0, "i": -0.52, "psi": -0.29, "psz": -0.2, "psy": -0.2,
             "o": -0.43, "c": -0.2, "V": 0.31, "asasg": 0.71, "G": 0.0, "CV": -0.1},
"plot": {"ztffilt": "gri", "psfilt": "", "atlasfilt": "oc", "asasfilt": "",
  "atlaslim": 0.2, "atlaselw": 0.26, "xmal": 500, "xmil": 100, "ymil": 0.02,
  "asasms": 3.5,
  "zms": 4,
  "gms": 4,
  "psms": 6,
  "atlasms": {"o": 2.8, "c": 2.8},
  "atledgclr": "darkred",
  "xedges": 100,
  "legz": "lower left",
  "ylimtess": [0.472, 1.10],
  "xlim": [-0.1, 1],
  "zoom": {
    "xlim": [-0.07, 0.57]
  },
  "ylim": [14.97, 14.21],
  "ylima": [14.97, 14.21]
}
}}