{
"18abqadhy": {
"name": "ZTF18abqadhy",
"other": "GSC 03213-02302, UCAC4 671-113009, USNO-B1.0 1341-0494687",
"desig": "2MASS J22342442+4411572, GSC2.3 N2Y9000630, TIC 200404638",
"gdr3": 1982088138223237760,
"epphot": true,
"tic": 200404638,
"tic-bad1": 200376220,
"tic-bad2": 200404660,
"coord": "22 34 24.433 +44 11 57.31",
"coordeg": [338.601804, 44.199253],
"type": "EA",
"max": 12.86,
"min": 13.52,
"min2": 12.93,
"d": 0.124,
"system": "g",
"period": 2.861185,
"epoch": 2459122.749,
"2ndmin": 0.5,
"etype": "min",
"sp": "",
"r": 1832,
"rp": 1829,
"comm": "",
"vsxoid": 2345171,
"atlaslim": {"o": 0.025, "c": 0.017},
"asaslim": {"V": 0.02, "g": 0.018},
"pslim": 0.1,
"atlasfnamz": "18abqadhy-atlas.txt",
"asasfnam": "18abqadhy-asas.csv",
"gaiadr3fnam": "18abqadhy-gdr3.dat",
"ztfobj": ["18abqadhy"],
"curveshift": true,
"zcatf": "gr",
"clrshift": {"g": 0, "psg": 0.13, "r": -0.05, "psr": 0, "i": -0.01, "psi": -0.29, "psz": -0.2, "psy": -0.2,
             "o": 0.0, "c": 0.05, "V": -1.3, "asasg": -0.2, "G": -0.13, "CV": -0.1, "ALeRCE g": -0.06, "ALeRCE r": 0, "ALeRCE i": -0.16},
"plot": {"ztffilt": "gri", "psfilt": "", "atlasfilt": "", "asasfilt": "",
  "atlaslim": 0.2, "atlaselw": 0.26, "xmal": 500, "xmil": 100, "ymil": 0.02,
  "asasms": 3.5, "zms": 4, "gms": 4, "psms": 6,
  "atlasms": {"o": 2.8, "c": 2.8},
  "atledgclr": "darkred",
  "xedges": 90,
  "legz": "lower left",
  "ylimtess": [0.537, 1.17],
  "xlim": [-0.1, 1],
  "ylim": [13.56, 12.80],
  "ylima": [13.56, 12.74]
}
}}