{
"2m1358": {
"name": "2MASS J13581075-3556194",
"other": "Gaia DR3 6121651418527918976, WD J135810.76-355619.76",
"desig": "USNO-B1.0 0540-0302113, GSC2.3 S97Z032800, GALEX J135810.6-355617",
"gdr3": 6121651418527918976,
"epphot": true,
"veb": false,
"tic": 112083186,
"coord": "13 58 10.756 -35 56 19.75",
"coordeg": [209.5448167, -35.9388194],
"type": "EA/WD",
"max": 16.32,
"min": 20.1,
"d": 0.084,
"system": "CV",
"period": 0.08152964,
"periodref": 0.08152967,
"epoch": 2459879.8959,
"etype": "min",
"sp": "",
"G": 16.35,
"BP-RP": -0.199,
"r": 633,
"rp": 639,
"comm": "",
"primref": "2022MNRAS.513.3050B",
"atlasfnam": "2m1358-atlas.txt",
"atlaslim": {"o": 0.48, "c": 0.29},
"gaiadr3fnam": "2m1358-gdr3.dat",
"vsxoid": 0,
"lc": "2m1358-css-atl-assn-gaia-ph.png",
"crtsfnam": "2m1358-crts.csv",
"crtslim": 0.49,
"asasfnam": "2m1358-asas.csv",
"asaslim": {"g": 0.6, "V": 0.6},
"curveshift": true,
"zcatf": "gr",
"clrshift": {"g": 0, "psg": 0, "r": 0, "psr": 0, "i": 0, "psi": 0, "psz": 0, "psy": 0,
             "o": 0.28, "c": 0.13, "V": -0.18, "asasg": -0.04, "CV": 0.0, "G": 0.01},
"plot": {"ztffilt": "", "psfilt": "", "atlasfilt": "oc", "asasfilt": "V",
  "psms": 7, "atlasms": {"o": 1.9, "c": 1.9}, "zms": 5.9, "gms": 7,
  "asasms": {"g": 2, "V": 2}, "crtsms": 4,
  "atledgclr": "#922", "elw": 1,
  "xmal": 800, "xmil": 100, "ymil": 0.05,
  "xedges": 230,
  "xlim": [-0.5, 1],
  "zoom": {
    "ylim": [17.8, 16.08],
    "xmalp": 0.5,
    "xmilp": 0.1
  },
  "ylim": [20.31, 16.0],
  "ylima": [20.31, 16.0]
}
}}