{
"a293-29": {
"name": "GSC 02150-01562",
"other": "ASASSN-V J193516.52+294631.2, ATO J293.8188+29.7753, GSC2.3 N2FF000422",
"gdr3": 2032385778726741376,
"coord": "19 35 16.534 +29 46 31.46",
"coordeg": [293.81896, 29.77539],
"type": "EA",
"max": 11.78,
"min": 12.00,
"min2": 12.00,
"system": "V",
"period": 3.422652,
"periodz": 1.711326,
"epoch": 2457596.286,
"d": 0.06,
"2ndmin": 0.5,
"etype": "min",
"sp": "F0",
"teff": 6654,
"logg": 3.74,
"r": 807,
"rp": 808,
"comm": "Min II = 12.00 V",
"vsxoid": 359207,
"asasuplimz": 11.92,
"asaslim": {"V": 0.04, "g": 0.022},
"asaslimz": 0.013,
"atlaslimz": 0.018,
"pslim": 0.0094,
"asasfnam": "a293-29-asas.csv",
"gaiadr3fnam": "a293-29-gaiadr3.dat",
"curveshift": true,
"clrshift": {"g": 0.52, "psg": 0.61, "r": 0, "psr": 0.05, "i": -0.18, "psi": -0.11, "psy": -1.43, "psz": -1.34,
              "o": -0.15, "c": -0.17, "V": 0, "asasg": 0.19, "G": -0.13},
"plot": {"ztffilt": "", "psfilt": "", "atlasfilt": "", "asasfilt": "Vg",
"zms": 3, "atlaselw": 0.26, "xmal": 500, "xmil": 100, "ymil": 0.01,
  "asasms": 2, "psms": 5,
  "atledgclr": "saddlebrown",
  "xedgesz": 120, "xlima": [56900, 60400],
  "ylim": [12.03, 11.72],
  "ylima": [12.03, 11.72],
  "ylimaz": [13.88, 13.45]
}
}}