{
"bmam440": {
"name": "BMAM-V440",
"other": "ZTF J195723.22+235248.3, Gaia DR3 1834171384397003264, 2MASS J19572322+2352483",
"desig": "PA 164, PN G061.5-02.6, USNO-B1.0 1138-0439128, GSC2.3 N2O2077305",
"gdr3": 1834171384397003264,
"tic": 263520970,
"epphot": true,
"veb": true,
"coord": "19 57 23.232 +23 52 48.33",
"coordeg": [299.3468000, 23.880092],
"type": "EA/HW",
"max": 18.34,
"min": 21.16,
"d": 0.032,
"system": "g",
"period": 1.168797,
"epoch": 2459098.812,
"etype": "min",
"sp": "",
"G": 17.55,
"BP-RP": 1.283,
"r": 4969,
"rp": 5090,
"comm": "Strong reflection effect with amplitude 0.70 mag (g band) and 0.85 mag (r band)",
"atlaslim": {"o": 0.045, "c": 0.034},
"gaiadr3fnam": "bmam440-gdr3.dat",
"vsxoid": 1498854,
"primref": "2006SASS...25...47W",
"lc": "hw/bmam440-ps1-ztf-gaia-ph.png",
"lczoom": "hw/bmam440-ps1-ztf-gaia-phz.png",
"curveshift": true,
"zcatf": "gri",
"clrshift": {"g": 0, "psg": -0.04, "r": -0.81, "psr": -0.81, "i": -1.22, "psi": -1.16, "psz": -1.3, "psy": -1.5,
             "o": -0.94 , "c": -0.4, "CV": -0.99, "G": -0.8},
"plot": {"ztffilt": "gri", "psfilt": "g", "atlasfilt": "",
  "psms": 7, "atlasms": {"o": 1.9, "c": 1.9}, "zms": 5.9, "elw": 1, "gms": 6.5,
  "xmal": 800, "xmil": 100, "ymil": 0.05,
  "xedges": 150,
  "xlim": [-0.1, 1],
  "zoom": { 
    "ylim": [21.37, 18.62],
    "xlim": [-0.08, 0.08],
    "xmalp": 0.02,
    "xmilp": 0.01
  },
  "ylim": [21.37, 18.21],
  "ylima": [21.37, 18.21]
}
}}