{
"brh160": {
"name": "Brh V160",
"other": "ASASSN-V J205231.99+255334.1",
"desig": "Gaia DR3 1843857085402455296",
"gdr3": 1843857085402455296,
"epphot": true,
"tic": 282936594,
"coord": "20 52 32.000 +25 53 34.34",
"coordeg": [313.133318907, 25.892852],
"type": "EA",
"max": 12.64,
"min": 12.08,
"min2": 12.80,
"system": "V",
"period": 3.87601,
"epoch": 2459170.631,
"2ndmin": 0.5,
"etype": "min",
"d": 0.12,
"sp": "",
"G": 12.26,
"r": 1961,
"rp": 1959,
"comm": "",
"vsxoid": 150107,
"atlaslim": {"o": 0.13, "c": 0.02},
"asaslim": {"V": 0.036, "g": 0.035},
"pslim": 0.1,
"atlasfnam": "brh160-atlas.txt",
"asasfnam": "brh160-asas.csv",
"gaiadr3fnam": "brh160-gdr3.dat",
"curveshift": true,
"clrshift": {"g": 0.11, "psg": 0.13, "r": 0, "psr": 0, "i": 0.12, "psi": 0, "psz": -0.2, "psy": -0.2,
             "o": 0.36, "c": 0.04, "V": 0, "asasg": -0.09, "G": -0.02},
"plot": {"ztffilt": "gri", "psfilt": "", "atlasfilt": "c", "asasfilt": "gV",
  "atlaslim": 0.2, "atlaselw": 0.26, "xmal": 500, "xmil": 100, "ymil": 0.01,
  "asasms": 2.8, "zms": 4.5, "gms": 4, "psms": 6,
  "atlasms": {"o": 2, "c": 2},
  "atledgclr": "darkred",
  "xedges": 160,
  "ylimtess": [0.639, 1.055],
  "xlim": [-0.1, 1],
  "zoom": {
    "xlim": [-0.11, 0.49],
    "xmalp": 0.05,
    "xmilp": 0.01
  },
  "ylim": [12.79, 12.19],
  "ylima": [12.79, 12.19]
}
}}