{
"bst0731": {
"name": "BESTII F20d_30904",
"other": "TIC 109049451, UCAC4 317-025909, GSC 06546-02076, TYC 6546-2076-1",
"desig": "USNO-B1.0 0633-0170694, GSC2.3 S3F1000442, 2MASS J07310884-2637194",
"gdr3": 5613229785780138624,
"tic": 109049451,
"epphot": true,
"veb": true,
"coord": "07 31 08.847 -26 37 19.46",
"coordeg": [112.7868625, -26.6220722],
"period": 12.6434,
"epoch": 2459230.019,
"2ndmin": 0.347,
"etype": "min",
"d": 0.0335,
"d2": 0.028,
"type": "EA",
"max": 12.17,
"min": 12.41,
"min2": 12.29,
"system": "V",
"G": 12.151,
"V": 12.17,
"BP-RP": 0.279,
"sp": "",
"r": 1621,
"rp": 1613,
"comm": "Eccentric system. Min II = 12.29 V at phase 0.347, duration 2.8%",
"vsxoid": 689579,
"lclnk": "",
"asaslim": {"V": 0.04, "g": 0.04},
"asas3namz": "bst0731",
"hipfnamz": "bst0731",
"assnam": "bst0731",
"gaiadr3nam": "bst0731",
"curveshift": true,
"clrshift": {"g": 0, "r": 0,  "i": -0.04, "gr": 0.02, "gi": 0.05, "TESS": 0.0,
             "o": 0, "c": 0, "V": 0, "AS3V": 0, "asasg": 0.06, "G": -0.02, "Hp": 0.09},
"plot": {"ztffilt": "", "psfilt": "", "atlasfilt": "", "asasfilt": "gV", "gdsfilt": "",
  "atlaselw": 0.26, "xmal": 500, "xmil": 100, "ymil": 0.01,
  "asasms": {"g": 5, "V": 5}, "gms": 6.5, "psms": 6, "atlasms": {"o": 2, "c": 2},
  "tess": "QLP", "tessms": 4.5,
  "atledgclr": "darkred",
  "xedges": 150,
  "legzz": "lower center",
  "legz": "lower left",
  "ylimtess": [0.651, 1.033],
  "xlim": [-0.04, 1],
  "zoom": {
    "xlim": [-0.0335, 0.377],
    "xlim1": [-0.02, 0.02],
    "xlim2": [0.48, 0.52],
    "xmalp": 0.05,
    "xmilp": 0.01,
    "xmalp1": 0.01,
    "xmilp1": 0.002
  },
  "ylim": [12.438, 12.067],
  "ylima": [12.438, 12.067]
}
}}