{
"bst21588": {
"name": "BESTII F20a_21588",
"other": "TIC 113025713, UCAC4 289-022632, GSC 07109-02976",
"desig": "ATO J112.8304-32.2521, USNO-B1.0 0577-0167638, GSC2.3 S62H000827, 2MASS J07311931-3215075",
"gdr3": 5592948164239310464,
"tic": 113025713,
"epphot": false,
"veb": false,
"coord": "07 31 19.313 -32 15 07.61",
"coordeg": [112.8304708, -32.252114],
"period": 19.40225,
"epoch": 2459232.29,
"2ndmin": 0.6718,
"etype": "min",
"d": 0.023,
"d2": 0.01,
"type": "EA",
"max": 13.30,
"min": 13.72,
"min2": 13.49,
"system": "V",
"G": 13.173,
"V": 13.30,
"BP-RP": 0.7122,
"sp": "",
"teff": 6156,
"logg": 4.14,
"r": 828,
"rp": 827,
"comm": "Eccentric system. Min II = 13.49 V at phase 0.6718, duration 1%",
"vsxoid": 689579,
"lclnk": "",
"asaslim": {"V": 0.035, "g": 0.037},
"atlaslim": {"o": 0.03, "c": 0.03},
"asas3namz": "bst21588",
"atlasnam": "bst21588",
"hipfnamz": "bst21588",
"assnam": "bst21588",
"gaiadr3namz": "bst21588",
"curveshift": true,
"clrshift": {"g": 0, "r": 0,  "i": -0.04, "gr": 0.02, "gi": 0.05, "TESS": 0.0,
             "o": -0.16, "c": 0.03, "V": 0, "AS3V": 0, "asasg": 0.22, "G": -0.12, "Hp": 0.09},
"plot": {"ztffilt": "", "psfilt": "", "atlasfilt": "oc", "asasfilt": "gV", "gdsfilt": "",
  "atlaselw": 0.26, "xmal": 500, "xmil": 100, "ymil": 0.01,
  "asasms": {"g": 4.5, "V": 5}, "gms": 6.5, "psms": 6, "atlasms": {"o": 3, "c": 3.5},
  "tess": "QLP", "tessms": 4.5,
  "atledgclr": "darkred",
  "xedges": 150,
  "leg": "lower left",
  "ylimtess": [0.651, 1.033],
  "xlim": [-0.04, 1],
  "zoom": {
    "xlim": [0.656, 1.021],
    "xlim1": [-0.025, 0.025],
    "xlim2": [0.6468, 0.6968],
    "xmalp1": 0.05,
    "xmilp1": 0.01,
    "xmalp": 0.01,
    "xmilp": 0.002
  },
  "ylim": [13.75, 13.23],
  "ylima": [13.75, 13.23]
}
}}