{
"c111-36": {
"name": "CRTS J072453.7+360932",
"other": "USNO-B1.0 1261-0152894, 2MASS J07245373+3609324, GALEX J072453.7+360932",
"desig": "GSC2.3 N8RT000899",
"gdr3": 897218397553319424,
"epphot": false,
"coord": "07 24 53.744 +36 09 32.34",
"coordeg": [111.22391, 36.15899],
"type": "EA",
"max": 13.58,
"min": 14.18,
"min2": 14.05,
"d": 0.034,
"system": "r",
"period": 9.47092,
"epoch": 2458460.306,
"2ndmin": 0.633,
"etype": "min",
"sp": "G",
"teff": 5561,
"logg": 4.15,
"r": 895,
"rp": 893,
"comm": "Eccentric system. Min II = 14.05 r at phase 0.633",
"vsxoid": 374033,
"asaslimold": 0.07,
"atlaslim": {"o": 0.017, "c": 0.031},
"asaslim": {"V": 0.035, "g": 0.032},
"pslim": 0.1,
"atlasfnam": "c111-36-atlas.txt",
"asasfnam": "c111-36-asas.csv",
"crtsfnam": "c111-36-crts.csv",
"curveshift": true,
"clrshift": {"g": 0.45, "psg": 0.13, "r": 0, "psr": 0, "i": -0.11, "psi": -0.35, "psz": -0.2, "psy": -0.2,
             "o": -0.02, "c": 0.24, "V": 0.17, "asasg": 0.5, "G": 0.08, "CV": 0.07},
"plot": {"ztffilt": "gri", "psfilt": "", "atlasfilt": "oc", "asasfilt": "",
  "atlaslim": 0.2, "atlaselw": 0.26, "xmal": 500, "xmil": 170, "ymil": 0.02,
  "asasms": 2.5, "zms": 4, "psms": 6,
  "atlasms": {"o": 2, "c": 2},
  "atledgclr": "darkred",
  "xedges": 90,
  "legz": "lower left",
  "xlim": [-0.25, 1],
  "xlimz": [-0.1, 0.7],
  "ylim": [14.27, 13.48],
  "ylimzz": [14.6, 13.31],
  "ylimazz": [13.7, 13.45]
}
}}