{
"c257-37": {
"name": "CRTS J170926.9+373524",
"other": "ASASSN-V J170926.96+373524.2, USNO-B1.0 1275-0317038, GSC2.3 N5Y9000811",
"gsc": "GALEX J170926.9+373524, 2MASS J17092691+3735245",
"gdr3": 1340973387783725568,
"epphot": true,
"coord": "17 09 26.927 +37 35 24.51",
"coordeg": [257.3621958, 37.5901417],
"type": "EA",
"max": 14.46,
"min": 14.96,
"min2": 14.81,
"system": "g",
"period": 11.42450,
"epoch": 2459756.830,
"2ndmin": 0.636,
"etype": "min",
"d": 0.034,
"d2": 0.03,
"sp": "G3",
"spref": "2018ApJS..235...16B",
"teff": 5736,
"logg": 4.00,
"r": 1606,
"rp": 1615,
"comm": "Eccentric system. Min II = 14.81 g at phase 0.636, duration 3%",
"vsxoid": 389027,
"asaslimold": 0.07,
"atlaslim": {"o": 0.3, "c": 0.35},
"asaslim": {"V": 0.04, "g": 0.04},
"pslim": 0.1,
"atlasfnamz": "c257-37-atlas.txt",
"asasfnam": "c257-37-asas.csv",
"gaiadr3fnam": "c257-37-gaiadr3.dat",
"crtsfnam": "c257-37-crts.csv",
"curveshift": true,
"zcatf": "rig",
"clrshift": {"g": 0, "psg": 0, "r": -0.49, "psr": -0.49, "i": -0.64, "psi": -0.59, "psz": -0.64, "psy": -0.66,
             "o": -0.54, "c": -0.57, "V": -0.27, "asasg": 0, "G": -0.43, "CV": -0.45},
"plot": {"ztffilt": "gri", "psfilt": "iz", "atlasfilt": "c", "asasfilt": "",
  "atlaslim": 0.2, "atlaselw": 0.26, "xmal": 500, "xmil": 100, "ymil": 0.02,
  "asasms": 2.5, "zms": 4, "psms": 7.5,
  "atlasms": {"o": 2, "c": 2},
  "atledgclr": "darkred",
    "xedgesz": 90,
  "legz": "lower left",
  "zoom": {
    "xlim": [0.58, 1.05],
    "xmalp": 0.1,
    "xmilp": 0.02
  },
  "xlim": [-0.1, 1],
  "xlimz": [-0.15, 0.15],
  "xlima": [52150, 60480],
  "ylim": [14.99, 14.39],
  "ylima": [14.99, 14.37]
}
}}