{
"c336-2": {
"name": "CRTS J222740.6-022952",
"other": "GSC2.3 SBCY000890, USNO-B1.0 0875-0797817, 2MASS J22274062-0229528",
"desig": "LAMOST J222740.63-022952.7",
"gdr3": 2629147432629886080,
"epphot": false,
"coord": "22 27 40.626 -02 29 52.81",
"coordeg": [336.9192750, -2.4980028],
"type": "EA",
"max": 14.80,
"min": 15.44,
"min2": 15.30,
"d": 0.02,
"d2": 0.02,
"system": "r",
"period": 10.489575,
"epoch": 2453507.945,
"2ndmin": 0.427,
"etype": "min",
"sp": "G8",
"spref": "2018ApJS..235...16B",
"teff": 5132,
"logg": 3.79,
"r": 1172,
"rp": 1293,
"comm": "Eccentric system. Min II = 15.30 r at phase 0.427, duration 2%.",
"vsxoid": 395690,
"atlaslim": {"o": 0.03, "c": 0.028},
"asaslim": {"V": 0.059, "g": 0.059},
"pslim": 0.1,
"atlasfnam": "c336-2-atlas.txt",
"asasfnam": "c336-2-asas.csv",
"crtsfnam": "c336-2-crts.csv",
"zcatf": "r",
"curveshift": true,
"clrshift": {"g": 0.72, "psg": 0.72, "r": 0, "psr": 0.06, "i": -0.24, "psi": -0.1, "psz": -0.4, "psy": -0.37,
             "o": -0.06, "c": 0.37, "V": 0.39, "asasg": 0.74, "G": 0.05, "CV": 0.02},
"plot": {"ztffilt": "gri", "psfilt": "ry", "atlasfilt": "oc", "asasfilt": "",
  "atlaslim": 0.2, "atlaselw": 0.26, "xmal": 500, "xmil": 100, "ymil": 0.02,
  "asasms": 4,
  "zms": 4,
  "gms": 4,
  "psms": 6.5,
  "atlasms": {"o": 3, "c": 2},
  "atledgclr": "darkred",
  "xedges": 120,
  "legz": "lower left",
  "xlim": [-0.1, 1],
  "zoom": {
    "xlim": [-0.04, 0.46],
    "xmalp": 0.1,
    "xmilp": 0.02
  },
  "ylim": [15.53, 14.7],
  "ylima": [15.53, 14.7]
}
}}