{
"c344-18": {
"name": "CRTS J225849.2+181737",
"other": "USNO-B1.0 1082-0688294, 2MASS J22584922+1817374, GALEX J225849.1+181737",
"desig": "GSC2.3 N0RE000205",
"gdr3": 2830890052342457600,
"epphot": false,
"coord": "22 58 49.219 +18 17 37.44",
"coordeg": [344.7050787, 18.2937344],
"type": "EA",
"max": 14.91,
"min": 15.54,
"min2": 15.35,
"system": "r",
"period": 16.10743,
"epoch": 2459772.83,
"2ndmin": 0.354,
"etype": "min",
"sp": "G",
"teff": 5513,
"logg": 4.19,
"d": 0.013,
"r": 1560,
"rp": 1539,
"comm": "Eccentric system. Min II = 15.35 r at phase 0.354",
"vsxoid": 396860,
"asaslimold": 0.07,
"atlaslim": {"o": 0.025, "c": 0.017},
"asaslim": {"V": 0.06, "g": 0.07},
"pslim": 0.1,
"atlasfnam": "c344-18-atlas.txt",
"asasfnam": "c344-18-asas.csv",
"gaiadr3fnamz": "c344-18-gaiadr3.dat",
"crtsfnam": "c344-18-crts.csv",
"curveshift": true,
"clrshift": {"g": 0.57, "psg": 0.13, "r": 0, "psr": 0, "i": -0.18, "psi": -0.35, "psz": -0.2, "psy": -0.2,
             "o": -0.04, "c": 0.30, "V": 0.27, "asasg": 0.57, "G": 0.05, "CV": 0.02},
"plot": {"ztffilt": "gri", "psfilt": "", "atlasfilt": "oc", "asasfilt": "",
  "atlaslim": 0.2, "atlaselw": 0.26, "xmal": 500, "xmil": 170, "ymil": 0.02,
  "asasms": 3.5,
  "zms": 4,
  "gms": 4,
  "psms": 6,
  "atlasms": {"o": 2.8, "c": 2.8},
  "atledgclr": "darkred",
  "xedges": 90,
  "legz": "lower left",
  "xlim": [-0.1, 1],
  "xlimz": [-0.15, 0.15],
  "ylim": [15.6, 14.79],
  "ylimzz": [14.6, 13.31],
  "ylimazz": [13.7, 13.45]
}
}}