{
"c350-33": {
"name": "CRTS J232258.9+334502",
"other": "ASASSN-V J232258.90+334504.2, USNO-B1.0 1237-0572820, GSC2.3 N0DN000676",
"gsc": "2MASS J23225883+3345045, GALEX J232258.8+334504",
"gdr3": 1912065942067537152,
"epphot": true,
"coord": "23 22 58.829 +33 45 04.57",
"coordeg": [350.745121, 33.751269],
"type": "EA",
"max": 14.67,
"min": 15.75,
"min2": 14.93,
"d": 0.048,
"d2": 0.045,
"system": "g",
"period": 12.01537,
"epoch": 2459379.828,
"2ndmin": 0.503,
"etype": "min",
"sp": "F9",
"spref": "2018ApJS..235...16B",
"r": 1987,
"rp": 1974,
"comm": "Min II = 14.92 g. D = 0.048 P.",
"vsxoid": 397711,
"atlaslim": {"o": 0.017, "c": 0.031},
"asaslim": {"V": 0.035, "g": 0.032},
"pslim": 0.1,
"atlasfnam": "c350-33-atlas.txt",
"asasfnamz": "c350-33-asas.csv",
"gaiadr3fnam": "c350-33-gdr3.dat",
"crtsfnam": "c350-33-crts.csv",
"curveshift": true,
"clrshift": {"g": 0, "psg": 0, "r": -0.64, "psr": -0.64, "i": -0.87, "psi": -0, "psz": -0.64, "psy": -0.64,
             "o": 0.57, "c": -0.35, "V": -0.47, "asasg": -0.25, "G": -0.58, "CV": -0.70},
"plot": {"ztffilt": "rgi", "psfilt": "", "atlasfilt": "oc", "asasfilt": "",
  "atlaslim": 0.2, "atlaselw": 0.26, "xmal": 500, "xmil": 100, "ymil": 0.02,
  "asasms": 2.5, "zms": 4, "gms": 4, "psms": 6,
  "atlasms": {"o": 2, "c": 2},
  "atledgclr": "darkred",
  "xedges": 90,
  "legz": "lower left",
  "xlimza": [-0.1, 1],
  "zoom": {
    "xlim": [-0.047, 0.55],
    "xmalp": 0.1,
    "xmilp": 0.02
  },
  "ylim": [15.85, 14.55],
  "ylima": [15.85, 14.55]
}
}}