{
"c65-1": {
"name": "CRTS J042245.5-010438",
"other": "ASASSN-V J042245.51-010436.1, UCAC4 445-006305, USNO-B1.0 0889-0044036",
"desig": "GSC2.3 S0212001297, 2MASS J04224556-0104383",
"gdr3": 3254057615056797440,
"epphot": true,
"coord": "04 22 45.561 -01 04 38.34",
"coordeg": [65.68985, -1.07731],
"type": "EA",
"G": 14.51,
"max": 14.46,
"min": 14.93,
"min2": 14.80,
"d": 0.032,
"system": "r",
"period": 9.6588028,
"epoch": 2460205.011,
"2ndmin": 0.495,
"etype": "min",
"sp": "F9",
"spref": "2018ApJS..235...16B",
"teff": 5587,
"logg": 3.66,
"r": 1693,
"rp": 1687,
"comm": "",
"vsxoid": 367897,
"primref": "2014ApJS..213....9D",
"atlaslim": {"o": 0.017, "c": 0.031},
"asaslim": {"V": 0.055, "g": 0.055},
"pslim": 0.1,
"atlasfnamz": "c65-1-atlas.txt",
"asasfnam": "c65-1-asas.csv",
"gaiadr3fnam": "c65-1-gdr3.dat",
"crtsfnam": "c65-1-crts.csv",
"curveshift": true,
"clrshift": {"g": 0.43, "psg": 0.13, "r": 0, "psr": 0, "i": -0.14, "psi": -0.35, "psz": -0.2, "psy": -0.2,
             "o": -0.03, "c": 0.22, "V": 0.22, "asasg": 0.48, "G": 0.05, "CV": 0.01},
"plot": {"ztffilt": "gri", "psfilt": "", "atlasfilt": "oc", "asasfilt": "gV",
  "atlaslim": 0.2, "atlaselw": 0.26, "xmal": 500, "xmil": 100, "ymil": 0.02,
  "asasms": 2.5, "zms": 4, "gms": 4, "psms": 6,
  "atlasms": {"o": 2, "c": 2},
  "atledgclr": "darkred",
  "xedges": 90,
  "zoom": {
    "xlim": [-0.06, 0.56],
    "xmalp": 0.05,
    "xmilp": 0.01
  },
  "ylim": [14.98, 14.36],
  "ylima": [14.98, 14.36]
}
}}