{
"c66-7": {
"name": "CSS J042539.3+071936",
"other": "ASASSN-V J042539.35+071936.9, ATO J066.4139+07.3267, TIC 372952906",
"desig": "GSC 00081-00331, UCAC4 487-007181, USNO-B1.0 0973-0053734, GSC2.3 NA5G000102, 2MASS J04253935+0719371",
"coord": "04 25 39.356 +07 19 37.08",
"coordeg": [66.4139833, 7.326967],
"gdr3": 3286744480842353152,
"epphot": true,
"veb": true,
"tic": 372952906,
"type": "EA",
"max": 13.24,
"min": 14.20,
"min2": 13.45,
"d": 0.1165,
"system": "V",
"period": 0.8717665,
"epoch": 2453731.840,
"2ndmin": 0.5,
"G": 12.93,
"V": 13.24,
"BP-RP": 1.2983,
"teff": 4891,
"logg": 4.33,
"etype": "min",
"sp": "K",
"comm": "2023A&A...674A..26C",
"vsxoid": 368013,
"lc": "c66-7-ztf-css-atl-assn-gdr3-tess-ph.png",
"atlaslim": {"o": 0.01, "c": 0.01},
"asaslim": {"V": 0.042, "g": 0.042},
"pslim": 0.1,
"atlasnam": "c66-7",
"assnam": "c66-7",
"gaiadr3nam": "c66-7",
"crtsnam": "c66-7",
"curveshift": true,
"zcatf": "r",
"clrshift": {"g": 0.41, "psg": 0.4, "r": -0.42, "psr": -0.4, "i": 0, "psi": 0, "psz": 0, "psy": 0,
              "o": -0.44, "c": 0.08, "V": 0, "asasg": 0.44, "G": -0.31, "CV": -0.47, "TESS": -0.09},
"plot": {"ztffilt": "gr", "psfilt": "", "atlasfilt": "oc", "asasfilt": "Vg",
  "atlaselw": 0.26, "xmal": 500, "xmil": 100, "ymil": 0.02,
  "tess": "QLP",
  "asasms": {"V": 4.5, "g": 4}, "zms": 6, "gms": 6, "atlasms": {"o": 2, "c": 2},
  "atledgclr": "darkred",
  "xedges": 220,
  "xlim": [-0.5, 1],
  "ylim": [14.398, 13.158],
  "ylima": [14.41, 13.087]
}
}}