{
"c70-6": {
"name": "CSS J044320.3+060927",
"other": "ASASSN-V J044320.42+060930.7, ATO J070.8351+06.1575, TIC 373364179",
"desig": "GSC 00095-01314, UCAC4 481-007877, USNO-B1.0 0961-0045929, GSC2.3 NA62000360, 2MASS J04432041+0609274",
"coord": "04 43 20.414 +06 09 27.41",
"coordeg": [70.8350583, 6.157614],
"gdr3": 3282825168565893760,
"epphot": true,
"veb": false,
"tic": 373364179,
"type": "EA",
"max": 12.94,
"min": 13.89,
"min2": 13.61,
"2ndmin": 0.5,
"d": 0.041,
"system": "V",
"period": 3.747624,
"epoch": 2453731.859,
"G": 12.63,
"V": 12.94,
"BP-RP": 1.2434,
"teff": 5558,
"logg": 4.41,
"r": 256.1,
"rp": 256.2,
"etype": "min",
"sp": "K",
"comm": "2023A&A...674A..26C",
"vsxoid": 368743,
"lc": "c70-6-ztf-css-assn-gdr3-tess-ph.png",
"atlaslim": {"o": 0.01, "c": 0.01},
"asaslim": {"V": 0.042, "g": 0.043},
"pslim": 0.1,
"atlasnamz": "c70-6",
"assnam": "c70-6",
"gaiadr3nam": "c70-6",
"crtsnam": "c70-6",
"curveshift": true,
"zcatf": "r",
"clrshift": {"g": 0.44, "psg": 0.4, "r": -0.37, "psr": -0.4, "i": 0, "psi": 0, "psz": 0, "psy": 0,
              "o": -0.4, "c": 0.1, "V": 0, "asasg": 0.47, "G": -0.31, "CV": -0.56, "TESS": -0.01},
"plot": {"ztffilt": "gr", "psfilt": "", "atlasfilt": "", "asasfilt": "Vg",
  "atlaselw": 0.26, "xmal": 500, "xmil": 100, "ymil": 0.02,
  "tess": "QLP",
  "asasms": {"V": 4.5, "g": 4}, "zms": 6, "gms": 7, "psms": 6, "atlasms": {"o": 2, "c": 2},
  "atledgclr": "darkred",
  "xedges": 120,
  "xlim": [-0.06, 1],
  "zoom": {
    "xlim": [-0.035, 0.035],
    "xmalp": 0.05,
    "xmilp": 0.001
  },
  "ylim": [13.967, 12.835],
  "ylima": [13.967, 12.835]
}
}}