{
"c79-0": {
"name": "CRTS J051738.9+000737",
"other": "USNO-B1.0 0901-0057084, GSC2.3 N9I8000627, 2MASS J05173894+0007368",
"gdr3": 3221591613668992640,
"epphot": true,
"coord": "05 17 38.939 +00 07 36.81",
"coordeg": [79.4122471, 0.1268906],
"type": "EA",
"max": 15.15,
"min": 15.78,
"min2": 15.73,
"system": "r",
"d": 0.012,
"d2": 0.012,
"period": 24.9717,
"epoch": 2459530.87,
"2ndmin": 0.843,
"etype": "min",
"sp": "G",
"teff": 5766,
"logg":	3.88,
"r": 1843,
"rp": 1876,
"comm": "Eccentric system. Min II = 15.73 r. at phase 0.843",
"vsxoid": 370750,
"asaslimold": 0.07,
"atlaslim": {"o": 0.019, "c": 0.017},
"asaslim": {"V": 0.06, "g": 0.07},
"crtslim": 0.069,
"pslim": 0.04,
"atlasfnam": "c79-0-atlas.txt",
"asasfnamz": "c79-0-asas.csv",
"gaiadr3fnam": "c79-0-gaiadr3.dat",
"crtsfnam": "c79-0-crts.csv",
"curveshift": true,
"clrshift": {"u": 1.99, "g": 0.52, "psg": 0.54, "r": 0, "psr": 0, "i": -0.10, "psi": -0.11, "z": -0.2, "psz": -0.1, "psy": -0.21,
             "o": -0.01, "c": 0.32, "V": 0.27, "asasg": 0.57, "G": 0.08, "CV": -0.01},
"plot": {"ztffilt": "gri", "psfilt": "giy", "atlasfilt": "oc", "asasfilt": "",
  "atlaslim": 0.2, "atlaselw": 0.26, "xmal": 500, "xmil": 170, "ymil": 0.02,
  "asasms": 3.5,
  "zms": 5,
  "gms": 4,
  "psms": 6,
  "atlasms": {"o": 2.8, "c": 2.8}, "atledgclr": "darkred",
  "xedges": 230,
  "xlim": [-0.05, 1],
  "xlimz": [0.8, 1.05],
  "ylim": [15.86, 15.04],
  "ylima": [15.86, 15.04]
}
}}