{
"cz1225": {
"name": "CzeV1225",
"other": "ASASSN-V J222243.78+550241.1, ATO J335.6824+55.0447, 2MASS 1+3045249",
"gdr3": 2005170598157616768,
"epphot": true,
"tic": 422103855,
"coord": "22 22 43.797 +55 02 41.24",
"coordeg": [335.6824875, 55.0447889],
"type": "EA",
"max": 13.27,
"min": 13.78,
"min2": 13.65,
"d": 0.048,
"d2": 0.048,
"G": 13.10,
"2ndmin": 0.50,
"system": "r",
"period": 6.0384,
"epoch": 2457345.805,
"etype": "min",
"sp": "K",
"comm": "",
"r": 1322,
"rp": 1317,
"vsxoid": 895700,
"atlaslim": {"o": 0.041, "c": 0.045},
"asaslim": {"V": 0.12, "g": 0.12},
"pslim": 0.2,
"gaiadr3fnam": "cz1225-gdr3.dat",
"atlasfnamz": "cz1225-atlas.txt",
"asasfnam": "cz1225-asas.csv",
"zlimz": [16, 15.5],
"atlaslimz": [17.4, 16.0],
"zcatf": "",
"curveshift": true,
"clrshift": {"g": 0.20, "psg": 0.9, "r": -0.17, "psr": 0.04, "i": -0.41, "psi": -0.35, "psz": -0.58, "psy": -0.74,
             "o": -0.0, "c": 0.7, "V": 0, "asasg": 0.25, "G": -0.18},
"plot": {"ztffilt": "gri", "psfilt": "", "atlasfilt": "", "asasfilt": "gV",
"atlaslim": 0.2, "atlaselw": 0.26, "xmal": 500, "xmil": 100, "ymil": 0.01,
  "asasms": 2,
  "atlasms": {"o": 1.5, "c": 1.5},
  "zms": 4,
  "gms": 4,
  "psms": 5.5,
  "atledgclr": "saddlebrown",
  "xedges": 160,
  "ylimtess": [0.647, 1.05],
  "xlim": [-0.1, 1],
  "zoom": {
    "xlim": [-0.07, 0.57],
    "xmalp": 0.1,
    "xmilp": 0.02
  },
  "ylim": [13.88, 13.18],
  "ylima": [13.88, 13.18]
}
}}