{
"cz1826": {
"name": "CzeV1826",
"other": "GSC 01079-03156, UCAC4 514-116534, USNO-B1.0 1027-0658286",
"desig": "2MASS J19582061+1242144, GSC2.3 N1UC000352",
"gdr3": 4304280915401539584,
"epphot": false,
"tic": 387548739,
"coord": "19 58 20.607 +12 42 14.27",
"coordeg": [299.58587, 12.70397],
"type": "EA",
"max": 12.77,
"min": 12.99,
"system": "V",
"period": 8.76015,
"d": 0.03,
"epoch": 2459782.598,
"2ndmin": 0.5,
"etype": "min",
"sp": "",
"teff": 5637,
"logg": 4.15,
"r": 535,
"rp": 534,
"comm": "",
"vsxoid": 1544568,
"asaslim": {"V": 0.02, "g": 0.018},
"atlaslim": {"o": 0.03, "c": 0.03},
"pslim": 0.0094,
"atlasfnam": "cz1826-atlas.txt",
"asasfnam": "cz1826-asas.csv",
"curveshift": true,
"clrshift": {"g": 0.40, "psg": 0.5, "r": -0.06, "psr": 0.14, "i": -0.23, "psi": -0.36, "psy": -1.0, "psz": -0.7,
             "o": 0.06, "c": 0.4, "V": 0, "asasg": 0.36, "G": 0.12},
"plot": {"ztffilt": "gri", "psfilt": "", "atlasfilt": "", "asasfilt": "Vg",
"atlaslim": 0.2, "zms": 4, "atlaselw": 0.26, "xmal": 500, "xmil": 100, "ymil": 0.01,
  "atlasms": {"o": 2, "c": 1.8},
  "psms": 7,
  "atledgclr": "saddlebrown",
  "xedges": 140,
  "ylimtess": [0.834, 1.038],
  "xlim": [-0.1, 1],
  "zoom": {
    "xlim": [-0.1, 0.6],
    "xmalp": 0.05,
    "xmilp": 0.01
  },
  "ylim": [13.05, 12.70],
  "ylima": [13.05, 12.70]
}
}}