{
"cz1850": {
"name": "CzeV1850",
"other": "USNO-B1.0 1205-0103853, GSC2.3 N9SU000505, 2MASS J05475219+3030451",
"gdr3": 3444763985587536896,
"epphot": true,
"coord": "05 47 52.198 +30 30 45.16",
"coordeg": [86.96749375, 30.5125439],
"type": "EA",
"max": 12.54,
"min": 13.20,
"min2": 12.98,
"system": "r",
"d": 0.0043,
"d2": 0.028,
"2ndmin": 0.771,
"period": 32.1562,
"epoch": 2458494.493,
"sp": "F",
"teff": 6773,
"logg": 4.07,
"r": 778,
"rp": 777,
"contamination": "05 47 52.2755 +30 30 35.890 G=15.6 BP=16.19 RP=14.84 V=15.81 15.81 15.25? psg=16.34 16.35 sdssg=16.44-16.58 ",
"etype": "min",
"comm": "Eccentric system. Min II = 12.98 r. at phase 0.772. Contamination!",
"vsxoid": 1544591,
"asaslimold": 0.07,
"atlaslim": {"o": 0.019, "c": 0.017},
"asaslim": {"V": 0.04, "g": 0.024},
"crtslim": 0.069,
"pslim": 0.04,
"ztfran": [13.6, 12.475],
"contamn": {"V": 15.8, "g": 16.39, "o": 17.5, "c": 17.5},
"atlasfnamz": "cz1850-atlas.txt",
"asasfnam": "cz1850-asas.csv",
"gaiadr3fnam": "cz1850-gaiadr3.dat",
"sdssfnamz": "cz1850-sdss.dat",
"crtsfnamz": "cz1850-crts.csv",
"curveshift": true,
"clrshift": {"u": 1.99, "g": 0.35, "psg": 0.35, "r": 0, "psr": 0.03, "i": -0.10, "psi": -0.11, "z": -0.2, "psz": -0.1, "psy": -0.21,
             "o": -0.02, "c": 0.17, "V": 0.13, "asasg": 0.34, "V1": 0.08, "asasg1": 0.3, "G": 0, "CV": -0.01},
"plot": {"ztffilt": "gri", "psfilt": "gri", "atlasfilt": "oc", "asasfilt": "gV",
  "atlaslim": 0.2, "atlaselw": 0.26, "xmal": 500, "xmil": 100, "ymil1": 0.02, "ymal": 0.05, "ymil": 0.01,
  "asasms": 3.5,
  "zms": 4,
  "gms": 4,
  "psms": 6,
  "atlasms": {"o": 2.8, "c": 2.8},
  "atledgclr": "darkred",
  "xedges": 230,
  "legz": "lower left",
  "xlim": [0.7, 1.03],
  "xlim2": [-0.1, 1],
  "ylim": [13.35, 12.46],
  "ylima": [13.37, 12.44]
}
}}