{
"cz2494": {
"name": "CzeV2494",
"other": "GSC 01639-01512, UCAC4 552-114582, USNO-B1.0 1103-0526839",
"desig": "2MASS J20175749+2020507, GSC2.3 N2PM000750",
"gdr3": 1828609646574391296,
"epphot": false,
"tic": 304917086,
"coord": "20 17 57.490 +20 20 50.71",
"coordeg": [304.4895408, 20.3474194],
"type": "EA",
"max": 12.77,
"min": 12.98,
"d": 0.03,
"d2": 0.03,
"system": "r",
"period": 4.62851,
"epoch": 2459760.826,
"2ndmin": 0.50,
"teff": 6157,
"logg": 4.12,
"r": 724,
"rp": 723,
"etype": "min",
"sp": "",
"comm": "",
"vsxoid": 359214,
"atlaslim": {"o": 0.041, "c": 0.045},
"asaslim": {"V": 0.023, "g": 0.023},
"pslim": 0.2,
"atlasfnamz": "cz2494-atlas.txt",
"asasfnam": "cz2494-asas.csv",
"ztfran": [13.9, 12.71],
"atlaslimz": [17.4, 16.0],
"zcatf": "gr",
"curveshift": true,
"clrshift": {"g": 0.40, "psg": 0.9, "r": 0, "psr": 0.04, "i": -0.41, "psi": -0.35, "psz": -0.58, "psy": -0.74,
             "o": -0.0, "c": 0.7, "V": 0.2, "asasg": 0.37, "G": 0.02},
"plot": {"ztffilt": "gr", "psfilt": "", "atlasfilt": "", "asasfilt": "gV",
"atlaslim": 0.2, "atlaselw": 0.26, "xmal": 500, "xmil": 100, "ymil": 0.01,
  "asasms": 2,
  "atlasms": {"o": 1.5, "c": 1.5},
  "zms": 4, "gms": 4, "psms": 5.5,
  "atledgclr": "saddlebrown",
  "xedges": 9,
  "ylimtess": [0.815, 1.044],
  "zoom": {
    "xlim": [-0.05, 0.553],
    "ymalp": 0.05,
    "ymilp": 0.01
  },
  "ylim": [13.07, 12.69],
  "ylima": [13.07, 12.69]
}
}}