{
"cz517": {
"name": "CzeV517",
"other": "2MASS J05521078+3104470, USNO-B1.0 1210-0104663, GSC2.3 N9SU026759",
"desig": "UCAC4 606-025351",
"gdr3": 3444847174813153152,
"epphot": false,
"coord": "05 52 10.791 +31 04 47.08",
"coordeg": [88.04496083, 31.0797439],
"type": "EA",
"max": 15.06,
"min": 15.88,
"min2": "<15.35",
"d": 0.02,
"system": "r",
"period": 16.9759,
"epochz": 2458424.86,
"epoch": 2456693.314,
"2ndmin": 0.5,
"etype": "min",
"sp": "A",
"teff": 8986,
"logg": 4.23,
"r": 3166,
"rp": 3129,
"comm": "D = 0.02 P.",
"vsxoid": 895234,
"atlaslim": {"o": 0.031, "c": 0.033},
"asaslim": {"V": 0.12, "g": 0.12},
"pslim": 0.2,
"atlasfnam": "cz517-atlas.txt",
"asasfnamz": "nsv517-asas.csv",
"zlimz": [16, 15.5],
"atlaslimz": [17.4, 16.0],
"zcatf": "",
"curveshift": true,
"clrshift": {"g": 0.24, "psg": 0.22, "r": 0, "psr": 0.0, "i": -0.05, "psi": -0.04, "psz": -0.07, "psy": -0.14,
             "o": 0.1, "c": 0.23, "V": 0, "asasg": 0.18, "G": 0.02},
"plot": {"ztffilt": "gri", "psfilt": "grizy", "atlasfilt": "", "asasfilt": "",
"atlaslim": 0.2, "atlaselw": 0.26, "xmal": 500, "xmil": 100, "ymil": 0.01, "ymal": 0.1,
  "asasms": 2,
  "atlasms": {"o": 1.5, "c": 1.5},
  "zms": 4,
  "gms": 4,
  "psms": 5.5,
  "atledgclr": "saddlebrown",
  "xedges": 9,
  "xlim1": [-0.1, 1],
  "xlim": [-0.036, 0.545],
  "ylim": [16.05, 14.96],
  "ylimzz": [12.21, 11.9],
  "ylimaz": [13.88, 13.45]
}
}}