{
"da240": {
"name": "Dauban V240",
"other": "ASASSN-V J193344.50+250819.9, UCAC4 576-089937, GSC 02142-01357",
"desig": "ZTF J193344.61+250820.0, USNO-B1.0 1151-0396764, 2MASS J19334461+2508200, GSC2.3 N231000493",
"gdr3": 2021488862573857280,
"epphot": true,
"tic": 380058579,
"coord": "19 33 44.619 +25 08 20.02",
"coordeg": [293.435913, 25.138894],
"type": "EA",
"max": 13.48,
"min": 14.47,
"min2": 13.55,
"d": 0.12,
"r": 2100,
"rp": 2073,
"system": "g",
"period": 5.06304,
"epoch": 2460235.78,
"2ndmin": 0.5,
"etype": "min",
"sp": "",
"comm": "Min II = 13.55 g. D = 0.12 P.",
"G": 12.88,
"vsxoid": 358600,
"primref": "2018MNRAS.477.3145J",
"atlaslim": {"o": 0.025, "c": 0.017},
"asaslim": {"V": 0.04, "g": 0.03},
"atlasfnamz": "da240-atlas.txt",
"asasfnam": "da240-asas.csv",
"gaiadr3fnam": "da240-gdr3.dat",
"crtsfnamz": "da240-crts.csv",
"curveshift": true,
"zcatf": "gri",
"clrshift": {"g": 0, "psg": 0, "r": -0.61, "psr": -0.61, "i": -0.94,
             "o": 0.0, "c": 0.31, "V": -0.31, "asasg": -0.02, "G": -0.6, "CV": 0.0},
"plot": {"ztffilt": "gri", "psfilt": "", "atlasfilt": "oc", "asasfilt": "gV",
  "atlaslim": 0.2, "atlaselw": 0.26, "xmal": 500, "xmil": 100, "ymil": 0.02,
  "asasms": 3.4, "zms": 4.6, "gms": 4, "psms": 6,
  "atlasms": {"o": 2.8, "c": 2.8},
  "atledgclr": "darkred",
  "xedges": 100,
  "ylimtess": [0.485, 1.06],
  "xlim": [-0.2, 1],
  "zoom": {
    "xlim": [-0.15, 0.65],
    "xmalp": 0.05,
    "xmilp": 0.01
  },
  "ylim": [14.54, 13.39],
  "ylima": [14.54, 13.39]
}
}}