{
"da243": {
"name": "Dauban V243",
"other": "ASASSN-V J202318.99+215052.5, WISE J202319.1+215052, ATO J305.8297+21.8478",
"desig": "GSC 01643-00430, USNO-B1.0 1118-0519695, 2MASS J20231916+2150524, UCAC4 560-117824",
"gdr3": 1829196510902863232,
"epphot": true,
"tic": 219566639,
"coord": "20 23 19.158 +21 50 52.36",
"coordeg": [305.82983, 21.84789],
"type": "EA",
"max": 13.19,
"min": 14.98,
"min2": 13.30,
"d": 0.135,
"system": "g",
"period": 2.253968,
"epoch": 2460233.702,
"2ndmin": 0.5,
"etype": "min",
"sp": "",
"comm": "",
"vsxoid": 358603,
"primref": "2018MNRAS.477.3145J",
"atlaslim": {"o": 0.025, "c": 0.017},
"asaslim": {"V": 0.04, "g": 0.04},
"pslim": 0.1,
"atlasfnamz": "da243-atlas.txt",
"asasfnamz": "da243-asas.csv",
"gaiadr3fnam": "da243-gdr3.dat",
"crtsfnamz": "da243-crts.csv",
"curveshift": true,
"clrshift": {"g": 0, "psg": 0.13, "r": -0.25, "psr": 0, "i": -0.65, "psi": -0.35, "psz": -0.2, "psy": -0.2,
              "o": -0.01, "c": 0.31, "V": 0.02, "asasg": 0.55, "G": -0.27, "CV": 0.01},
"plot": {"ztffilt": "gri", "psfilt": "", "atlasfilt": "", "asasfilt": "",
  "atlaslim": 0.2, "atlaselw": 0.26, "xmal": 500, "xmil": 100, "ymil": 0.02,
  "asasms": 3.5, "zms": 4, "gms": 4, "psms": 6,
  "atlasms": {"o": 2.8, "c": 2.8},
  "atledgclr": "darkred",
  "ylimtess": [0.268, 1.089],
  "xedges": 90,
  "legz": "lower left",
  "xlim": [-0.1, 1],
  "ylim": [15.03, 13.06],
  "ylima": [15.03, 13.06]
}
}}