{
"dde176": {
"name": "DDE 176",
"other": "ZTFJ001637.11+785519.1, USNO-B1.0 1689-0001534, GSC2.3 NAG0005225",
"coord": "00 16 37.140 +78 55 18.99",
"gdr3": 564551735705888384,
"epphot": true,
"tic": 609725827,
"coordeg": [4.154750, 78.921942],
"type": "E+R",
"max": 16.42,
"min": 17.11,
"d": 0.07,
"system": "r",
"period": 0.1067936,
"epoch": 2458819.6889,
"etype": "min",
"sp": "B",
"teff": 15489,
"logg": 4.61,
"r": 2657,
"rp": 2700,
"comm": "",
"gaiadr3fnam": "dde176-gdr3.dat",
"atlaslim": {"o": 0.13, "c": 0.13},
"vsxoid": 844476,
"curveshift": true,
"clrshift": {"g": -0.23, "psg": -0.23, "r": 0, "psr": -0.02, "i": 0.4, "psi": 0.2, "psz": 0.37,
             "o": 0.08, "c": -0.12, "G": -0.19, "CV": -0.36},
"plot": {"ztffilt": "gr", "psfilt": "griz", "atlasfilt": "oc",
  "crtsms": 2.5, "atlasms": {"o": 2, "c": 2}, "zms": 3,
  "elw": 1,
  "atledgclr": "#922",
  "xmal": 800, "xmil": 100, "ymil": 0.02, "xedges": 120,
  "ylim": [17.36, 16.3],
  "ylima": [17.36, 16.3]
}
}}