{
"dde58": {
"name": "DDE 58",
"other": "ASASSN-V J044921.77+340359.6, USNO-B1.0 1240-0077612, GSC2.3 NCCY024512",
"gdr3": 988561597340525056,
"epphot": true,
"desig": "2MASS J04492177+3403596",
"asassn": "ASASSN-V J044921.77+340359.6",
"coord": "04 49 21.771 +34 03 59.67",
"coordeg": [72.3407142, 34.0665744],
"type": "EA",
"max": 14.11,
"min": 14.61,
"min2": 14.58,
"d": 0.064,
"d2": 0.06,
"teff": 7071,
"logg": 3.6,
"r": 1082,
"rp": 1036,
"system": "r",
"period": 3.368332,
"epoch": 2455501.689,
"2ndmin": 0.5,
"etype": "min",
"sp": "F",
"comm": "Min II= 14.58 r",
"vsxoid": 477142,
"asaslimold": 0.07,
"atlaslim": {"o": 0.011, "c": 0.01},
"asaslim": {"V": 0.04, "g": 0.032},
"pslim": 0.1,
"atlasfnam": "dde58-atlas.txt",
"asasfnam": "dde58-asas.csv",
"gaiadr3fnam": "dde58-gaiadr3.dat",
"zcatf": "gr",
"curveshift": true,
"clrshift": {"g": 1.01, "psg": 1.01, "r": 0, "psr": 0, "i": 0.02, "psi": 0, "psz": -0.2, "psy": -0.2,
             "o": -0.15, "c": 0.52, "V": 0.51, "asasg": 1.08, "G": 0.03},
"plot": {"ztffilt": "gri", "psfilt": "", "atlasfilt": "oc", "asasfilt": "",
  "atlaslim": 0.2, "atlaselw": 0.26, "xmal": 500, "xmil": 170, "ymil": 0.02,
  "asasms": 1.8,
  "zms": 4.5,
  "psms": 6,
  "atlasms": {"o": 2, "c": 2},
  "atledgclr": "darkred",
  "xedges": 80,
  "xlim": [-0.25, 1],
  "xlimzz": [-0.1, 1],
  "ylim": [14.66, 14.02],
  "ylima": [14.66, 14.02]
}
}
}