{
"dde58": {
"name": "DDE 58",
"other": "ASASSN-V J044921.77+340359.6, USNO-B1.0 1240-0077612, ATO J072.3407+34.0665",
"desig": "UCAC4 621-018519, 2MASS J04492177+3403596, GSC2.3 NCCY024512",
"asassn": "ASASSN-V J044921.77+340359.6",
"gdr3": 161880585858554496,
"epphot": true,
"veb": true,
"vst": false,
"tic": 96071817,
"coord": "04 49 21.771 +34 03 59.67",
"coordeg": [72.3407142, 34.0665744],
"type": "EA",
"max": 14.11,
"min": 14.63,
"min2": 14.59,
"d": 0.065,
"teff": 7071,
"logg": 3.60,
"r": 1082,
"rp": 1036,
"system": "r",
"period": 3.368332,
"epoch": 2459472.953,
"2ndmin": 0.5,
"etype": "min",
"vebperiod": 1.684144,
"G": 14.12,
"BP-RP": 1.5510,
"paramp": {
  "FeH": -0.219,
  "dist": 1610,
  "GMAG": 1.038,
  "Lum-Flame": 13.88,
  "Mass-Flame": 1.77
},
"sp": "F",
"comm": "Min II = 14.58 r",
"vsxoid": 477142,
"lc": "dde58-ztf-css-atl-gaia-ph.png",
"atlaslim": {"o": 0.011, "c": 0.01},
"asaslim": {"V": 0.04, "g": 0.032},
"pslim": 0.1,
"crtsnam": "dde58",
"atlasnam": "dde58",
"assnam": "dde58",
"gaiadr3nam": "dde58",
"zcatf": "gr",
"curveshift": true,
"clrshift": {"g": 1.01, "psg": 1.01, "r": 0, "psr": 0, "i": 0.02, "psi": 0, "psz": -0.2, "psy": -0.2,
             "o": -0.15, "c": 0.52, "V": 0.51, "asasg": 1.08, "G": 0.02, "CV": -0.63, "TESS": -0.015},
"plot": {"ztffilt": "gri", "psfilt": "", "atlasfilt": "oc", "asasfilt": "",
  "atlaselw": 0.26, "xmal": 500, "xmil": 100, "ymil": 0.02,
  "tess": "QLP", "tessms": 3,
  "asasms": {"V": 5, "g": 4.5}, "zms": 5, "gms": 7, "psms": 6,
  "atlasms": {"o": 2, "c": 2},
  "atledgclr": "darkred",
  "xedges": 120,
  "ylimtess": [0.605, 1.05],
  "leg": "lower left",
  "xlim": [-0.25, 1],
  "zoom": {
    "xlim": [-0.08, 0.58],
    "xmalp": 0.1,
    "xmilp": 0.01
  },
  "ylim": [14.66, 14.035],
  "ylima": [14.66, 14.035]
}
}}