{
"dde60": {
"name": "DDE 60",
"other": "ASASSN-V J045400.59+325910.8, CSS J045400.6+325910, USNO-B1.0 1229-0094006",
"gdr3": 160822645217440768,
"epphot": true,
"desig": "2MASS J04540058+3259107, GSC2.3 N9R5011921, WISE J045400.58+325910.8, ATO J073.5024+32.9863, GALEX J045400.6+325911",
"asassn": "ASASSN-V J045400.59+325910.8",
"coord": "04 54 00.583 +32 59 10.86",
"coordeg": [73.50242917, 32.9863500],
"type": "EA",
"max": 15.37,
"min": 17.56,
"min2": 15.45,
"d": 0.145,
"d2": 0.06,
"r": 1279,
"rp": 1264,
"system": "g",
"period": 1.776396,
"epoch": 2460182.915,
"2ndmin": 0.5,
"etype": "min",
"sp": "",
"comm": "Min II= 15.45 g",
"vsxoid": 477144,
"lc": "dde60-ztf-css-atl-gaia-ph.png",
"atlaslim": {"o": 0.01, "c": 0.01},
"asaslim": {"V": 0.06, "g": 0.06},
"pslim": 0.1,
"crtsfnam": "dde60-crts.csv",
"atlasfnam": "dde60-atlas.txt",
"asasfnam": "dde60-asas.csv",
"gaiadr3fnam": "dde60-gdr3.dat",
"zcatf": "gr",
"curveshift": true,
"clrshift": {"g": 0, "psg": 0, "r": -0.78, "psr": -0.78, "i": 0.0, "psi": 0, "psz": -0, "psy": -0,
             "o": -0.89, "c": -0.37, "V": -0.39, "asasg": 0.1, "G": -0.75, "CV": -1.37},
"plot": {"ztffilt": "gri", "psfilt": "", "atlasfilt": "oc", "asasfilt": "",
  "atlaslim": 0.2, "atlaselw": 0.26, "xmal": 500, "xmil": 100, "ymil": 0.05,
  "asasms": 1.8, "zms": 4.5, "psms": 6,
  "atlasms": {"o": 2, "c": 2},
  "atledgclr": "darkred",
  "xedges": 120,
  "xlim": [-0.25, 1],
  "zoom": {
    "ylim": [15.75, 15.3],
    "xlim": [-0.5, 1],
    "xmalp": 0.1,
    "xmilp": 0.01
  },
  "ylim": [17.62, 15.23],
  "ylima": [17.62, 15.23]
}
}}