{
"dde62": {
"name": "DDE 62",
"other": "ASASSN-V J065918.89+361849.8, USNO-B1.0 1263-0146900, GSC2.3 N8PC000805",
"gdr3": 939984177193316608,
"epphot": true,
"desig": "2MASS J06591889+3618495, ATO J104.8287+36.3137, GALEX J065918.8+361849",
"asassn": "ASASSN-V J065918.89+361849.8",
"coord": "06 59 18.893 +36 18 49.53",
"coordeg": [104.8287208, 36.3137583],
"type": "EA",
"max": 14.39,
"min": 15.63,
"min2": 14.49,
"d": 0.107,
"d2": 0.10,
"teff": 7864,
"logg": 3.94,
"r": 3129,
"rp": 3151,
"system": "g",
"period": 2.538125,
"epoch": 2453760.588,
"2ndmin": 0.5,
"etype": "min",
"sp": "A6IV",
"spref": "2018ApJS..235....5Q",
"comm": "Min II = 14.49 g. GALEX FUV-NUV= 1.36",
"vsxoid": 477408,
"lc": "dde62-ps1-ztf-css-atl-gaia-ph.png",
"atlaslim": {"o": 0.01, "c": 0.01},
"asaslim": {"V": 0.06, "g": 0.06},
"pslim": 0.1,
"crtsfnam": "dde62-crts.csv",
"atlasfnam": "dde62-atlas.txt",
"gaiadr3fnam": "dde62-gaiadr3.dat",
"zcatf": "gr",
"curveshift": true,
"clrshift": {"g": 0, "psg": 0, "r": -0.22, "psr": -0.22, "i": 0, "psi": -0.28, "psz": -0.29, "psy": -0.34,
             "o": -0.24, "c": -0.11, "V": -0.39, "asasg": 0.1, "G": -0.23, "CV": -0.27},
"plot": {"ztffilt": "gri", "psfilt": "izy", "atlasfilt": "oc", "asasfilt": "",
  "atlaslim": 0.2, "atlaselw": 0.26, "xmal": 500, "xmil": 100, "ymil": 0.02,
  "asasms": 1.8, "zms": 4.5, "psms": 6,
  "atlasms": {"o": 2, "c": 2},
  "atledgclr": "darkred",
  "xedges": 150,
  "xlim": [-0.25, 1],
  "zoom": {
    "xlim": [-0.13, 0.13],
    "xmal": 0.1,
    "xmil": 0.02
  },
  "ylim": [15.68, 14.32],
  "ylima": [15.68, 14.32]
}
}}