{
"dde63": {
"name": "DDE 63",
"other": "ATO J105.4742+38.0510, ASASSN-V J070153.76+380304.1, CSS J070153.8+380303",
"desig": "GALEX J070153.8+380303, UCAC4 641-039653, 2MASS J07015380+3803038, USNO-B1.0 1280-0186571, SDSS J070153.80+380303.7, GSC2.3 N8PD003919",
"gdr3": 946989127117978112,
"epphot": false,
"veb": false,
"vst": false,
"tic": 98889109,
"coord": "07 01 53.814 +38 03 03.79",
"coordeg": [105.474225, 38.051053],
"type": "EA",
"max": 14.64,
"min": 15.94,
"min2": 14.72,
"d": 0.15,
"system": "r",
"period": 2.067871,
"epoch": 2454794.406,
"2ndmin": 0.5,
"etype": "min",
"G": 14.614,
"BP-RP": 0.2811,
"teff": 9768,
"logg": 4.30,
"r": 5131,
"rp": 4625,
"sp": "A",
"spref": "2023A&A...674A..26C",
"comm": "Min II = 14.72 g. GALEX FUV-NUV= 1.02",
"vsxoid": 477409,
"lc": "dde63-ps1-ztf-css-atl-ph.png",
"atlaslim": {"o": 0.013, "c": 0.013},
"asaslim": {"V": 0.04, "g": 0.032},
"pslim": 0.1,
"crtsnam": "dde63",
"atlasnam": "dde63",
"zcatf": "gr",
"curveshift": true,
"clrshift": {"g": 0, "psg": 0.0, "r": 0.05, "psr": 0.05, "i": 0.14, "psi": 0.13, "psz": 0.2, "psy": 0.19,
             "o": 0.08, "c": 0.0, "V": 0.0, "asasg": 0, "G": -0.03, "CV": -0.01},
"plot": {"ztffilt": "gri", "psfilt": "grizy", "atlasfilt": "oc", "asasfilt": "",
  "atlaselw": 0.26, "xmal": 500, "xmil": 100, "ymil": 0.02,
  "tess": "", "tessms": 3,
  "asasms": {"V": 5, "g": 4.5}, "zms": 5, "gms": 7, "psms": 6,
  "atlasms": {"o": 2, "c": 2},
  "atledgclr": "darkred",
  "xedges": 120,
  "ylimtess": [0.605, 1.05],
  "leg": "lower left",
  "xlim": [-0.30, 1],
  "zoom": {
    "xlim": [-0.11, 0.11],
    "xmalp": 0.1,
    "xmilp": 0.01
  },
  "ylim": [15.975, 14.54],
  "ylima": [15.975, 14.54]
}
}}