{
"dde78": {
"name": "DDE 78",
"other": "ASASSN-V J060213.29+630834.0, CSS J060213.3+630834, UCAC4 766-037504",
"desig": "USNO-B1.0 1531-0196135, 2MASS J06021328+6308340, ",
"gdr3": 1006546343396721408,
"epphot": true,
"coord": "06 02 13.281 +63 08 33.94",
"coordeg": [90.55537, 63.14278],
"type": "EA+R",
"max": 14.69,
"min": 15.91,
"min2": 15.10,
"2ndmin": 0.5,
"system": "r",
"period": 1.069579,
"epoch": 2454852.661,
"d": 0.085,
"d2": 0.085,
"teff": 4011,
"logg": 4.27,
"r": 366,
"rp": 366,
"etype": "min",
"sp": "",
"comm": "Min II = 15.10 r. D = 0.085 P.",
"atlaslim": {"o": 0.05, "c": 0.05},
"vsxoid": 844476,
"crtsfnam": "dde78-crts.csv",
"gaiadr3fnam": "dde78-gdr3.dat",
"curveshift": true,
"clrshift": {"g": 1.17, "psg": -0.23, "r": 0, "psr": -0.02, "i": 0.4, "psi": 0.2, "psz": 0.37,
             "o": -0.13, "c": -0.12, "G": 0.04, "CV": -0.1},
"plot": {"ztffilt": "gr", "psfilt": "", "atlasfilt": "o", "asasfilt": "",
  "crtsms": 2.5, "atlasms": {"o": 2, "c": 2}, "zms": 3, "elw": 1,
  "atledgclr": "#922",
  "xmal": 800, "xmil": 100, "ymil": 0.02, "xedges": 170,
  "zoom": {
    "xlim": [-0.1, 0.59],
    "xmalp": 0.1,
    "xmilp": 0.02
  },
  "ylim": [15.97, 14.60],
  "ylima": [15.97, 14.60]
}
}}