{
"epic1643": {
"name": "EPIC 202843085",
"other": "ASASSN-V J164317.85-280943.1, GSC 06808-00100, UCAC4 310-093591",
"desig": "ASAS 164318-2809.7, 2MASS J16431786-2809428, Gaia DR3 6032281189278306944, GALAH 150411005101018, USNO-B1.0 0618-0459149, GSC2.3 S8FW000878",
"gdr3": 6032281189278306944,
"tic": 206196090,
"epic": 202843085,
"epphot": true,
"veb": false,
"coord": "16 43 17.864 -28 09 42.86",
"coordeg": [250.824433, -28.161906],
"period": 16.4984,
"epoch": 2457949.755,
"2ndmin": 0.4478,
"etype": "min",
"d": 0.031,
"d2": 0.033,
"type": "EA",
"max": 11.89,
"min": 12.48,
"min2": 12.43,
"system": "V",
"G": 11.70,
"V": 11.89,
"BP-RP": 0.868,
"sp": "F", 
"spref": "2023A&A...674A..26C",
"teff": 6638,
"logg": 3.71,
"r": 761.7,
"rp": 762.1,
"comm": "Eccentric system. Min II = 12.43 V at phase 0.4478, duration 3.3%",
"vsxoid": 701717,
"primref": "2016MNRAS.456.2260A/2018MNRAS.477.3145J",
"lclnk": "epic1643-atl-assn-as3-gdr3-k2-ph_16.4984.png",
"lczoom": "epic1643-atl-assn-as3-gdr3-k2-ph_16.4984z.png",
"asaslim": {"V": 0.03, "g": 0.02},
"asas3nam": "epic1643",
"asas3lim": 0.049,
"asasfnam": "epic1643-assn.csv",
"gaiadr3fnam": "epic1643-gdr3.dat",
"atlasfnam": "epic1643-atlas.txt",
"atlaslim": {"o": 0.02, "c": 0.02},
"curveshift": true,
"clrshift": {"g": 0, "r": 0, "i": 0.0, "TESS": 0, "o": -0.25, "c": 0.03, "V": 0.0, "AS3V": 0.04, "asasg": 0.31, "G": -0.19, "K2": -0.29},
"plot": {"ztffilt": "", "psfilt": "", "atlasfilt": "oc", "asasfilt": "gV",
  "atlaslim": 0.2, "atlaselw": 0.26, "xmal": 500, "xmil": 100, "ymil": 0.01,
  "asasms": {"g": 4, "V": 5}, "gms": 7.5, "psms": 6, "atlasms": {"o": 2, "c": 2.5},
  "tess": "", "atledgclr": "darkred", "xedges": 260,
  "xlim": [-0.06, 1],
  "zoom": {
    "xlim": [-0.04, 0.49],
    "xlim1": [-0.03, 0.03],
    "xlim2": [0.4178, 0.4778],
    "xmalp": 0.05,
    "xmilp": 0.01
  },
  "ylim": [12.50, 11.81],
  "ylima": [12.50, 11.81]
}
}}