{
"fhcyg": {
"name": "FH Cyg",
"other": "ASASSN-V J192410.78+295443.8, GSC 02137-00377, UCAC4 600-078412",
"desig": "USNO-B1.0 1199-0345805, 2MASS J19241086+2954442, GSC2.3 N2G4000013",
"tic": 109843067,
"gdr3": 2038581732877052160,
"epphot": true,
"coord": "19 24 10.869 +29 54 44.26",
"coordeg": [291.045287, 29.912295],
"type": "SRA",
"max": 11.52,
"min": 13.70,
"system": "V",
"period": 148.7,
"epoch": 2459000,
"2ndmin": 0.5,
"etype": "max",
"G": 10.79,
"sp": "M5",
"spref": "1956ApJ...124..346C",
"r": 3059,
"rp": 3035,
"comm": "",
"vsxoid": 270866,
"atlaslim": {"o": 0.025, "c": 0.017},
"asaslim": {"V": 0.044, "g": 0.036},
"pslim": 0.1,
"asasfnam": "fhcyg-asas.csv",
"gaiadr3fnam": "fhcyg-gdr3.dat",
"zcatf": "gr",
"curveshift": true,
"clrshift": {"g": 0.18, "psg": 0.18, "r": 0.0, "psr": 0.03, "i": -0.3, "psi": 0, "psz": 0.03, "psy": 0.04,
             "o": -0.01, "c": 0.31, "V": 0.0, "asasg": 0.84, "G": -1.75, "CV": 0.01},
"plot": {"ztffilt": "gri", "psfilt": "", "atlasfilt": "", "asasfilt": "gV",
  "atlaslim": 0.2, "atlaselw": 0.26, "xmal": 500, "xmil": 100, "ymil": 0.02,
  "zms": 4, "gms": 4, "psms": 6,
  "asasms": 3.5,
  "atlasms": {"o": 2.8, "c": 2.8},
  "atledgclr": "darkred",
  "xedges": 140,
  "legz": "lower left",
  "xlim": [-0.5, 1],
  "ylimtess": [0.785, 1.206],
  "zoom": {
    "xlim": [-0.06, 0.55],
    "xlimz": [-0.15, 0.15],
    "xmalp": 0.05,
    "xmilp": 0.01
  },
  "ylim": [13.78, 11.44],
  "ylima": [13.78, 11.44]
}
}}