{
"g109": {
"name": "Gaia DR3 1098324086498919552",
"other": "TYC 4374-693-1, GSC 04374-00693",
"desig": "",
"gdr3": 1098324086498919552,
"epphot": true,
"tic": 71520019,
"coord": "08 07 36.047 +69 45 54.41",
"coordeg": [121.90044383600, 69.76484184549],
"type": "EA",
"max": 11.65,
"min": 12.45,
"min2": 12.45,
"system": "V",
"period": 15.1966,
"period1": 7.5983,
"epoch": 2459523.078,
"2ndmin": 0.5,
"etype": "min",
"d": 0.021,
"sp": "",
"G": 11.70,
"teff": 5633,
"logg": 4.18,
"r": 352,
"rp": 352,
"comm": "",
"vsxoid": 0,
"atlaslim": {"o": 0.1, "c": 0.02},
"asaslim": {"V": 0.021, "g": 0.024},
"pslim": 0.1,
"atlasfnam": "g109-atlas.txt",
"asasfnam": "g109-asas.csv",
"gaiadr3fnam": "g109-gdr3.dat",
"curveshift": true,
"clrshift": {"g": 0.63, "psg": 0.13, "r": 0, "psr": 0, "i": -0.04, "psi": 0, "psz": -0.2, "psy": -0.2,
             "o": 0.5, "c": 0.3, "V": 0, "asasg": 0.31, "G": -0.13},
"plot": {"ztffilt": "g", "psfilt": "", "atlasfilt": "c", "asasfilt": "gV",
  "atlaslim": 0.2, "atlaselw": 0.26, "xmal": 500, "xmil": 100, "ymil": 0.01,
  "asasms": 2.8, "zms": 4.5, "gms": 4, "psms": 6,
  "atlasms": {"o": 2, "c": 2},
  "atledgclr": "darkred",
  "xedges": 130,
  "ylimtess": [0.527, 1.026],
  "xlim": [-0.1, 1],
  "zoom": {
    "xlim": [-0.11, 0.49],
    "xmalp": 0.05,
    "xmilp": 0.01
  },
  "ylim": [12.47, 11.72],
  "ylima": [12.47, 11.72]
}
}}