{
"g216": {
"name": "Gaia DR3 2163629735740425856",
"other": "2MASS J21013107+4619513, GSC2.3 N324071907, TIC 304115796",
"gdr3": 2163629735740425856,
"epphot": true,
"veb": true,
"vst": false,
"tic": 304115796,
"coord": "21 01 31.080 +46 19 51.34",
"coordeg": [315.379500, 46.330928],
"type": "EA",
"max": 17.64,
"min": 18.30,
"min2": 17.99,
"d": 0.041,
"d2": 0.075,
"2ndmin": 0.327,
"system": "r",
"period": 3.505285,
"epoch": 2460232.635,
"etype": "min",
"sp": "A",
"spref": "2023A&A...674A..26C",
"G": 17.63,
"BP-RP": 1.7631,
"r": 4479,
"rp": 4214,
"teff": 6076,
"teffref": "2019AJ....158..138S",
"logg": 3.80,
"logref": "2019AJ....158..138S",
"comm": "Eccentric system. Min II = 17.99 r at phase 0.327, duration 7.5%",
"atlasnam": "g216",
"atlaslim": {"o": 0.14, "c": 0.14},
"gaiadr3nam": "g216",
"vsxoid": 7877242,
"lclnk": "",
"lczoom": "",
"curveshift": true,
"zcatf": "gri",
"clrshift": {"g": 1.14, "psg": 0, "r": 0, "psr": 0, "i": -0.61, "psi": -0.1, "psz": -0.2, "psy": -0.3,
             "o": -0.23, "c": 0.53, "G": 0},
"plot": {"ztffilt": "gri", "psfilt": "", "atlasfilt": "",
  "psms": 7, "atlasms": {"o": 2.5, "c": 2.5}, "zms": 5.5, "gms": 8,
  "atledgclr": "#922", "elw": 1,
  "xmal": 800, "xmil": 100, "ymil": 0.02,
  "xedges": 100,
  "xlim": [-0.15, 1],
  "zoom": {
    "xlim": [-0.042, 0.381],
    "xmalp": 0.05,
    "xmilp": 0.01
  },
  "ylim": [18.42, 17.455],
  "ylima": [18.42, 17.455]
}
}}