{
"gsc0219": {
"name": "GSC 02197-01190",
"other": "NSVS 8774343, ASASSN-V J213921.03+265236.8, UCAC4 585-123180",
"desig": "2MASS J21392103+2652366, GSC2.3 N307001031, USNO-B1.0 1168-0580254, GALEX J213921.0+265237",
"gdr3": 1800427823512536064,
"epphot": true,
"coord": "21 39 21.031 +26 52 36.72",
"coordeg": [324.83763, 26.87687],
"type": "EA",
"max": 12.7,
"min": 13.04,
"min2": 12.95,
"d": 0.028,
"d2": 0.031,
"teff": 6050,
"logg": 4.04,
"system": "r",
"period": 7.95148,
"epoch": 2456179.712,
"2ndmin": 0.342,
"periodz": 7.95240,
"epocha": 2456179.43,
"etype": "min",
"sp": "",
"comm": "Eccentric system. Min II = 12.95 r at phase 0.342, duration 3.1%.",
"vsxoid": 144614,
"lc": "gsc0219-ztf-atl-asas-gaia-ph.png",
"sb2ref": "2024MNRAS.527..521K",
"con": "Peg",
"asasfnam": "gsc0219-asas.csv",
"gaiadr3fnam": "gsc0219-gdr3.dat",
"asaslim": {"V": 0.016, "g": 0.014},
"atlaslim": {"o": 0.013, "c": 0.012},
"pslim": 0.089,
"zcatf": "gri",
"curveshift": true,
"clrshift": {"g": 0.39, "psg": 0.38, "r": 0, "psr": 0.1, "i": -0.12, "psi": -0.2, "psz": -0.08,
             "psy": -0.13, "o": -0.03, "c": 0.19, "V": 0.19, "asasg": 0.4, "G": 0.02},
"plot": {"ztffilt": "gri", "psfilt": "", "psfiltz": "rizy", "atlasfilt": "oc", "asasfilt": "gV",
"atlaslim": 0.2, "zms": 4, "atlaselw": 0.26, "xmal": 500, "xmil": 100, "ymil": 0.01,
  "asasms": 2.7,
  "atlasms": {"o": 2.5, "c": 3},
  "atledgclr": "saddlebrown",
  "xlim": [-0.1, 1],
  "xedges": 160,
  "zoom": {
    "xlim": [-0.028, 0.375],
    "xmalp": 0.1,
    "xmilp": 0.02
  },
  "ylim": [13.07, 12.63],
  "ylima": [13.07, 12.63]
}
}}