{
"hd277600": {
"name": "HD 277600",
"other": "Gaia DR3 202360240309450880, TIC 262165129, GSC 02908-00612",
"desig": "BD+43 1212, TYC 2908-612-1, 2MASS J05120483+4349511, UCAC4 670-035091, USNO-B1.0 1338-0131110, GSC2.3 NCAM000431",
"gdr3": 202360240309450880,
"tic": 262165129,
"epphot": true,
"veb": true,
"vst": false,
"coord": "05 12 04.837 +43 49 51.19",
"coordeg": [78.020154, 43.830886],
"period": 3.536035,  
"epoch": 2458829.274,
"2ndmin": 0.5,
"etype": "min",
"d": 0.086,
"type": "EA",
"max": 9.95,
"min": 10.35,
"min2": 10.05,
"system": "V",
"G": 9.93,
"BP-RP": 0.4037,
"V": 10.17,
"Vref": "2000A&A...355L..27H",
"sp": "A0",
"spref": "1995A&AS..110..367N",
"teff": 10155,
"logg": 4.01,
"r": 537,
"rp": 534,
"vsxoid": 3130036,
"comm": "",
"primref": "2022yCat.1358....0G",
"lc": "hd277600-assn-gdr3-tess-ph.png",
"asaslim": {"V": 0.019, "g": 0.012},
"assnam": "hd277600",
"gaiadr3nam": "hd277600",
"curveshift": true,
"clrshift": {"g": 0, "r": 0, "i": 0.0, "TESS": -0.06, "V": 0.0, "AS3V": 0.01, "asasg": -0.0, "G": -0.05, "K2": -0.25},
"plot": {"psfilt": "", "atlasfilt": "", "asasfilt": "gV",
  "xmal": 500, "xmil": 100, "ymil": 0.01, "ymal": 0.1,
  "xmalp": 0.2, "xmilp": 0.05, "xedges": 160,
  "asasms": {"g": 4.5, "V": 5}, "gms": 7.5,
  "tess": "QLP", "tessms": 3.5, 
  "xlim": [-0.25, 1],
  "zoom": {
    "xlim": [-0.11, 0.11],
    "xmalp": 0.01,
    "xmilp": 0.002
  },
  "ylim": [10.36, 9.922],
  "ylima": [10.36, 9.922]
}
}}