{
"hd9056": {
"name": "HD 9056",
"other": "Gaia DR3 510793730310035584, TIC 389538282, ASCC 107340, TYC 4035-1709-1",
"desig": "2MASS J01305011+6153367, SAO 11789, GSC 04035-01709",
"gdr3": 510793730310035584,
"tic": 389538282,
"epphot": true,
"veb": true,
"vst": false,
"coord": "01 30 50.141 +61 53 36.75",
"coordeg": [22.708921, 61.8935417],
"period": 6.34005,
"epoch": 2457285.520,
"2ndmin": 0.4735,
"etype": "min",
"d": 0.094,
"d2": 0.083,
"type": "EA",
"max": 7.75,
"min": 7.90,
"min2": 7.82,
"system": "V",
"G": 7.627,
"BP-RP": 0.6420,
"V": 7.76,
"sp": "B2III/IV",
"spref": "1981A&AS...45..455J",
"r": 988,
"rp": 990,
"vsxoid": 623649,
"comm": "Eccentric system with apsidal motion. Min II = 7.82 V at phase 0.4735:, duration 8.3%",
"primref": "2018A&A...617A..32B",
"lc": "hd9056-gdr3-tess-msc-ph.png",
"lczoom": "hd9056-gdr3-tess-msc-phz.png",
"asaslim": {"V": 0.019, "g": 0.012},
"gaiadr3nam": "hd9056",
"curveshift": true,
"clrshift": {"g": 0, "r": 0, "i": 0.0, "TESS": -0.017, "V": 0.0, "asasg": -0.0, "G": -0.15},
"plot": {"psfilt": "", "atlasfilt": "", "asasfilt": "",
  "xmal": 500, "xmil": 100, "ymil": 0.005, "ymal": 0.05,
  "xmalp": 0.2, "xmilp": 0.05, "xedges": 160,
  "asasms": {"g": 4.5, "V": 5}, "gms": 7.5,
  "leg": "lower left",
  "tess": "QLP", "tessms": 4.5,
  "xlim": [-0.5, 1],
  "zoom": {
    "xlim": [-0.1, 0.1],
    "xlim1": [-0.159, 0.159],
    "xlim2": [0.303, 0.646],
    "xmalp": 0.05,
    "xmilp": 0.01
  },
  "ylim": [7.933, 7.74],
  "ylima": [7.915, 7.745]
}
}}