{
"hip25316": {
"name": "HIP 25316",
"other": "HD 35086, TIC 309682332, ASCC 245937, WDS J05249+5059AB",
"desig": "BD+50 1166, TYC 3370-1352-1, GSC 03370-01352, 2MASS J05245521+5058539, SAO 25184, USNO-B1.0 1409-0150697, UCAC4 705-036586",
"gdr3": 261894152090105088,
"tic": 309682332,
"epphot": false,
"veb": false,
"vst": false,
"coord": "05 24 55.216 +50 58 53.91",
"coordeg": [81.2300667, 50.981642],
"period": 7.1888,
"epoch": 2459917.565,
"2ndmin": 0.3411,
"etype": "min",
"d": 0.0605,
"d2": 0.061,
"type": "EA+HB",
"max": 8.267,
"min": 8.82,
"min2": 8.80,
"system": "V",
"G": 8.184,
"BP-RP": 0.6747,
"V": 8.267,
"Vref": "",
"sp": "F5",
"spref": "1993yCat.3135....0C",
"r": 204.7,
"rp": 204.3,
"vsxoid": 623685,
"comm": "Eccentric system. Min II 8.80 V at phase 0.3411. Duration 6.1%. Heartbeat amplitude 0.005 TESS",
"primref": "2018A&A...617A..32B",
"lc": "hip25316-hip-tess-msc-ph.png",
"lczoom": "hip25316-hip-tess-msc-phz.png",
"asaslim": {"V": 0.02, "g": 0.013},
"hipfnam": "hip25316",
"curveshift": true,
"clrshift": {"g": 0, "r": 0, "i": 0, "TESS": -0.005, "V": 0.0, "asasg": -0.0, "G": -0.085, "Hp": 0.12},
"plot": {"psfilt": "", "atlasfilt": "", "asasfilt": "",
  "xmal": 500, "xmil": 100, "ymil": 0.002, "ymal": 0.01,
  "xmalp": 0.2, "xmilp": 0.05, "xedges": 160,
  "asasms": {"g": 4.5, "V": 5},
  "tess": "QLP", "tessms": 4,
  "leg": "upper right",
  "xlim": [-0.15, 1],
  "zoom": {
    "ylim": [8.31, 8.254]
  },
  "ylim": [8.84, 8.21],
  "ylima": [8.84, 8.21]
}
}}