{
"koi1008": {
"name": "KIC 1722276",
"other": "KOI-1008, TIC 137314580, 2MASS J19264720+3714169, ATO J291.6966+37.2380",
"desig": "UCAC4 637-068808, USNO-B1.0 1272-0394814, GSC2.3 N2G9087597",
"gdr3": 2051754603713617920,
"epphot": false,
"veb": false,
"kic": 1722276,
"tic": 137314580,
"coord": "19 26 47.200 +37 14 16.87",
"coordeg": [286.6569125, 50.021531],
"type": "EA",
"max": 14.645,
"min": 14.680,
"d": 0.00032,
"system": "Kp",
"period": 569.942,
"epoch": 2455081.924,
"G": 14.681,
"BP-RP": 1.0668,
"Kp": 14.645,
"etype": "min",
"sp": "G5V",
"spref": "2016A&A...594A..39F",
"comm": "Grazing eclipse with Kp amplitude 0.035",
"teff": 5838,
"teff-kic": 5370,
"logg": 4.41,
"r": 1099,
"rp": 1101,
"primref": "2016AJ....151...68K",
"vsxoid": 285888,
"lczoom": "koi1008-ztf-kp-phz.png",
"asaslim": {"V": 0.04, "g": 0.04},
"atlaslim": {"o": 0.03, "c": 0.03},
"pslim": 0.01,
"atlasnam": "koi1008",
"curveshift": true,
"zcatf": "gr",
"clrshift": {"g": 0.84, "r": 0.2, "i": -0.2, "Kp": 0, "G": 0,
             "o": -0.03, "c": 0.35, "V": 0, "asasg": 0.84},
"plot": {"ztffilt": "gr", "psfilt": "", "atlasfilt": "oc", "asasfilt": "",
  "zms": 5, "kpms": 6, "psms": 7, "atlasms": {"o": 2, "c": 2},
  "xmal": 500, "xmil": 100, "ymal": 0.01, "ymil": 0.005,
  "leg": "lower right",
  "atlaselw": 0.26, "atledgclr": "saddlebrown",
  "xedges": 100,
  "xlim": [-0.018, 1],
  "zoom": {
    "xlim": [-0.0007, 0.0007],
    "xmalp": 0.0002,
    "xmilp": 0.0001
},
  "ylim": [14.432, 14.392],
  "ylima": [14.532, 14.492]
}
}}