{
"koi3155": {
"name": "KIC 5217733",
"other": "KOI-3155, HD 188891, HIP 98061, WDS J19557+4024A, TIC 171502734",
"desig": "GSC 03141-03158, BD+40 3948, 2MASS J19554475+4023303, SAO 48983, TYC 3141-3158-1",
"gdr3": 2073593412917417600,
"epphot": false,
"veb": false,
"kic": 5217733,
"tic": 171502734,
"coord": "19 55 44.762 +40 23 30.25",
"coordeg": [298.9365083, 40.391736],
"type": "EA",
"max": 7.30,
"min": 7.409,
"min2": 7.351,
"d": 0.0065,
"d2": 0.0128,
"2ndmin": 0.1694,
"system": "V",
"period": 161.2546,
"epoch": 2455022.09,
"G": 7.330,
"BP-RP": -0.0390,
"V": 7.30,
"etype": "min",
"sp": "B1V",
"spref": "1968PASP...80..197G",
"comm": "Eccentric system. Min II = 7.351 V at phase 0.1694, duration 1.28%",
"teff": 20720,
"logg": 3.37,
"r": 1245,
"rp": 1241,
"primref": "2023AJ....166..215O",
"vsxoid": 0,
"lczoom": "koi3155-hip-tess-kp-phz.png",
"hipfnam": "koi3155",
"curveshift": true,
"clrshift": {"g": 0, "r": 0, "i": 0, "Kp": -0.06, "TESS": 0, "V": 0, "G": 0, "Hp": 0.05},
"plot": {"ztffilt": "", "psfilt": "", "atlasfilt": "", "asasfilt": "",
  "xmal": 500, "xmil": 100, "ymil": 0.005,
  "tess": "QLP",
  "leg": "lower center",
  "xedges": 140,
  "ylimtess": [0.892, 1.015],
  "xlim": [-0.018, 1],
  "zoom": {
    "ylim": [7.423, 7.287],
    "xlim": [-0.0074, 0.183],
    "xmalp": 0.02,
    "xmilp": 0.005
},
  "ylim": [7.425, 7.274],
  "ylima": [7.425, 7.274]
}
}}