{
"koi3510": {
"name": "KIC 9028474",
"other": "KOI-3510, TIC 270856764, GSC 03556-01887, ATO J294.1595+45.3758",
"desig": "KID 9028474, UCAC4 677-071030, 2MASS J19363828+4522333, USNO-B1.0 1353-0333082, GSC2.3 N2K9000775",
"gdr3": 2127962476185944576,
"epphot": false,
"veb": false,
"kic": 9028474,
"tic": 270856764,
"coord": "19 36 38.288 +45 22 33.33",
"coordeg": [294.15952, 45.375919],
"type": "EA",
"max": 12.37,
"min": 12.665,
"min2": 12.502,
"d": 0.0024,
"d2": 0.0035,
"2ndmin": 0.05055,
"system": "V",
"period": 124.9368,
"epoch": 2455010.68,
"G": 12.282,
"V": 12.43,
"etype": "min",
"BP-RP": 0.839,
"sp": "F9V+G1V",
"spref": "2023AJ....166..215O",
"comm": "Eccentric system. Min II = 12.5 V at phase 0.05055, duration 0.35%",
"teff": 5804,
"logg": 3.95,
"r": 623.0,
"rp": 624.0,
"primref": "2023AJ....166..215O",
"vsxoid": 286453,
"lczoom": "koi3510-ztf-atl-assn-tess-kp-phz.png",
"discoverer": "R. W. Slawson et al. (Kepler)",
"asaslim": {"V": 0.024, "g": 0.019},
"atlaslim": {"o": 0.013, "c": 0.008},
"pslim": 0.01,
"atlasnam": "koi3510",
"assnam": "koi3510",
"curveshift": true,
"zcatf": "gi",
"clrshift": {"g": 0.21, "r": -0.08, "i": -0.16, "Kp": -0.37,
             "o": -0.16, "c": 0.09, "V": 0, "asasg": 0.21, "G": 0},
"plot": {"ztffilt": "gri", "psfilt": "", "atlasfilt": "oc", "asasfilt": "gV",
  "zms": 4, "asasms": {"V": 4, "g": 4.5}, "atlasms": {"o": 3, "c": 3}, "psms": 7,
  "xmal": 500, "xmil": 100, "ymil": 0.01,
  "tess": "QLP",
  "leg": "lower center",
  "atlaselw": 0.26, "atledgclr": "saddlebrown",
  "xedges": 140,
  "ylimtess": [0.755, 1.026],
  "xlim": [-0.018, 1],
  "zoom": {
    "ylim": [12.689, 12.352],
    "xlim": [-0.003, 0.054],
    "xmalp": 0.01,
    "xmilp": 0.005
},
  "ylim": [12.689, 12.318],
  "ylima": [12.689, 12.318]
}
}}