{
"koi436": {
"name": "KIC 11805075",
"other": "KOI-436, TIC 399825512, 2MASS J19063765+5001176, ATO J286.6569+50.0215",
"desig": "KID 11805075, UCAC4 701-065246, USNO-B1.0 1400-0308926, GSC2.3 N2E9005997",
"gdr3": 2133590876205039232,
"epphot": false,
"veb": false,
"kic": 11805075,
"tic": 399825512,
"coord": "19 06 37.659 +50 01 17.51",
"coordeg": [286.6569125, 50.021531],
"type": "EA",
"max": 14.74,
"min": 14.79,
"d": 0.00092,
"system": "r",
"period": 199.8395,
"epoch": 2455058.357,
"G": 14.692,
"Kp": 14.740,
"etype": "min",
"BP-RP": 1.047,
"sp": "K",
"spref": "2023A&A...674A..26C",
"comm": "Grazing eclipse with Kp amplitude 0.05",
"teff": 5072,
"logg": 4.32,
"teff-kic": 5262,
"r": 961,
"rp": 963,
"primref": "2016AJ....151...68K",
"vsxoid": 285884,
"lczoom": "koi436-kp-ztf-atl-phz.png",
"asaslim": {"V": 0.04, "g": 0.04},
"atlaslim": {"o": 0.03, "c": 0.03},
"pslim": 0.01,
"atlasnam": "koi3510",
"curveshift": true,
"zcatf": "gri",
"clrshift": {"g": 0.64, "r": 0, "i": -0.2, "Kp": -0.1, "G": 0.0,
             "o": -0.03, "c": 0.35, "V": 0, "asasg": 0.64},
"plot": {"ztffilt": "gri", "psfilt": "", "atlasfilt": "oc", "asasfilt": "",
  "zms": 3, "psms": 7, "atlasms": {"o": 2, "c": 2},
  "xmal": 500, "xmil": 100, "ymil": 0.01,
  "tess": "TASOC",
  "leg": "lower right",
  "atlaselw": 0.26,
  "atledgclr": "saddlebrown",
  "xedges": 140,
  "ylimtess": [0.955, 1.0045],
  "xlim": [-0.018, 1],
  "zoom": {
    "ylim": [14.652, 14.597],
    "xlim": [-0.0015, 0.0015],
    "xmalp": 0.001,
    "xmilp": 0.0002
},
  "ylim": [14.72, 14.545],
  "ylima": [14.72, 14.545]
}
}}