{
"m1338": {
"name": "Mis V1338",
"other": "USNO-B1.0 1497-0087277, 2MASS J02331762+5945104, GSC2.3 NAWK000130",
"gsc": "GSC2 NAWK000130",
"nsvs": "NSVS 1846793, NSVS 1873739, NSVS 1920887",
"coord": "02 33 17.633 +59 45 10.49",
"coordeg": [38.32342, 59.75294],
"type": "EA",
"max": 12.48,
"min": 12.96,
"min2": 13.35,
"2ndmin": 0.848,
"system": "V",
"period": 8.28459,
"epoch": 2458368.93,
"etype": "min",
"sp": "",
"d": 0.05,
"r": 2332,
"rp": 2339,
"comm": "Eccentric system. Min II = 13.35 g. at phase 0.848",
"vsxoid": 131974,
"asaslim": {"V": 0.026, "g": 0.029},
"atlaslim": {"o": 0.04, "c": 0.04},
"pslim": 0.1,
"asasfnam": "m1338-asas.csv",
"atlasfnamz": "m1396-atlas.txt",
"gaiadr3fnamz": "m1396-gaiadr3.dat",
"curveshift": true,
"clrshift": {"g": 0.52, "psg": 0.06, "r": -0.73, "psr": -0.65, "i": -0.18, "psi": -0.9, "psy": -1.4, "psz": -1.25,
              "o": -1.0, "c": -0.41, "V": 0, "asasg": 0.52, "G": -0.05},
"plot": {"ztffilt": "g", "psfilt": "", "atlasfilt": "", "asasfilt": "Vg",
"atlaslim": 0.2, "atlaselw": 0.26, "xmal": 500, "xmil": 100, "ymil": 0.02,
  "asasms": 2,
  "zms": 4,
  "gms": 4,
  "psms": 5,
  "atledgclr": "saddlebrown",
  "magl": 0.1, "xedges": 160,
  "ylim": [13.0, 12.4],
  "ylimz1": [12.21, 11.9],
  "ylimaz": [13.88, 13.45]
}
}}