{
"m1356": {
"name": "Mis V1356",
"other": "USNO-B1.0 1512-0051718, GSC2.3 NAM9000375, 2MASS J01290392+6117301",
"gdr3": 510661582757235712,
"epphot": false,
"coord": "01 29 03.917 +61 17 30.12",
"coordeg": [22.26629, 61.29211],
"type": "EA",
"max": 13.23,
"min": 14.00,
"min2": 13.36,
"system": "r",
"period": 20.6458,
"epoch": 2460216.555,
"2ndmin": 0.607,
"etype": "min",
"sp": "A",
"teff": 9708,
"logg": 4.34,
"r": 1188,
"rp": 1162,
"d": 0.0092,
"d2": 0.02,
"comm": "Eccentric system. Min II = 13.36 g at phase 0.607",
"vsxoid": 275734,
"asaslimold": 0.07,
"atlaslim": {"o": 0.01, "c": 0.031},
"asaslim": {"V": 0.03, "g": 0.039},
"pslim": 0.1,
"atlasfnam": "m1356-atlas.txt",
"asasfnam": "m1356-asas.csv",
"crtsfnamz": "m1356-crts.csv",
"curveshift": true,
"clrshift": {"g": 0, "psg": 0.13, "r": -0.5, "psr": -0.5, "i": -0.71, "psi": -0.35, "psz": -0.2, "psy": -0.2,
             "o": -0.55, "c": -0.25, "V": 0.15, "asasg": 0.51, "G": 0.08, "CV": -0.01},
"plot": {"ztffilt": "gri", "psfilt": "", "atlasfilt": "oc", "asasfilt": "",
  "atlaslim": 0.2, "atlaselw": 0.26, "xmal": 500, "xmil": 100, "ymil": 0.02,
  "asasms": 2.5, "zms": 4, "psms": 6,
  "atlasms": {"o": 2.75, "c": 2.75},
  "atledgclr": "darkred",
  "xedges": 90,
  "legz": "lower left",
  "xlim": [-0.1, 1],
  "xlim11": [-0.05, 0.05],
  "xlimz": [-0.027, 0.635],
  "ylim": [14.06, 13.07],
  "ylima": [14.06, 13.07]
}
}}