{
"m1366": {
"name": "Mis V1366",
"other": "USNO-B1.0 1513-0050397, GSC2.3 NAM9000336, 2MASS J01285936+6122414",
"gdr3": 510662441750627840,
"contamination": "8.2'' 01 28 58.2420 +61 22 40.219 2MASS J01285823+6122403 9274.208 4.2081 G= 15.62",
"coord": "01 28 59.370 +61 22 41.29",
"coordeg": [22.24671, 61.37811],
"type": "EA",
"max": 13.97,
"min": 14.54,
"min2": 14.51,
"system": "r",
"period": 20.48335,
"epoch": 2459871.667,
"2ndmin": 0.498,
"d": 0.019,
"d2": 0.0175,
"etype": "min",
"sp": "B",
"teff": 10587,
"logg": 3.81,
"r": 652,
"rp": 656,
"comm": "Min II = 14.49 r.",
"vsxoid": 275743,
"asaslimold": 0.07,
"atlaslim": {"o": 0.017, "c": 0.031},
"asaslim": {"V": 0.043, "g": 0.041},
"pslim": 0.1,
"atlasfnam": "m1366-atlas.txt",
"asasfnam": "m1366-asas.csv",
"gaiadr3fnam": "m1366-gaiadr3.dat",
"crtsfnamz": "m1366-crts.csv",
"curveshift": true,
"clrshift": {"g": 0.44, "r": 0, "i": -0.16,
             "o": -0.04, "c": 0.2, "V": 0.08, "asasg": 0.39, "G": 0.01},
"plot": {"ztffilt": "gri", "psfilt": "", "atlasfilt": "oc", "asasfilt": "",
  "atlaslim": 0.2, "atlaselw": 0.26, "xmal": 500, "xmil": 170, "ymil": 0.02,
  "asasms": 2.5,
  "zms": 4,
  "psms": 6,
  "atlasms": {"o": 2, "c": 2},
  "atledgclr": "darkred",
    "xedges": 90,
  "legz": "lower left",
  "zoom": {
    "xlim": [-0.05, 0.55],
    "xmalp": 0.1,
    "xmilp": 0.02
  },
  "xlim": [-0.1, 1],
  "ylim": [14.58, 13.84],
  "ylima": [14.58, 13.84],
  "ylimzz": [14.6, 13.31]
}
}}