{
"m1393": {
"name": "Mis V1393",
"other": "ASASSN-V J224437.22+573415.4, ATO J341.1552+57.5707, TYC 3992-959-1, GSC 03992-00959",
"desig": "UCAC4 738-090998, USNO-B1.0 1475-0498488, 2MASS J22443724+5734146, GSC2.3 N1DN000711, WISE J224437.24+573414.4",
"gdr3": 2007264682461402496,
"epphot": true,
"tic": 362013748,
"coord": "22 44 37.253 +57 34 14.65",
"coordeg": [341.1552208, 57.5707361],
"type": "EA",
"max": 11.87,
"min": 12.40,
"min2": 12.38,
"d": 0.155,
"d2": 0.104,
"system": "V",
"period": 5.828637,
"epoch": 2457653.815,
"2ndmin": 0.537,
"etype": "min",
"sp": "F8V",
"spref": "2010PASP..122.1437P",
"G": 11.70,
"teff": 8451,
"r": 3473,
"rp": 3429,
"comm": "Min II = 12.38 V. D = 0.155 P.",
"vsxoid": 275761,
"primref": "2018MNRAS.477.3145J",
"asaslim": {"V": 0.015, "g": 0.0199},
"atlaslim": {"o": 0.01, "c": 0.014},
"pslim": 0.1,
"asasfnam": "m1393-asas.csv",
"gaiadr3fnam": "m1393-gdr3.dat",
"curveshift": true,
"clrshift": {"g": 0.21, "psg": 0.27, "r": 0, "psr": 0, "i": -0.26, "psi": -0.26, "psy": -1.4, "psz": -1.25,
             "o": -0.03, "c": 0.05, "V": 0, "asasg": 0.19, "G": -0.17},
"plot": {"ztffilt": "", "psfilt": "", "atlasfilt": "", "asasfilt": "gV",
"atlaslim": 0.2, "atlaselw": 0.26, "xmal": 500, "xmil": 100, "ymil": 0.02,
  "asasms": 4,
  "atlasms": {"o": 1.5, "c": 3.5},
  "zms": 3.3, "gms": 3,
  "atledgclr": "saddlebrown",
  "xedges": 160,
  "ylimtess": [0.569, 1.04],
  "xlim": [-0.25, 1],
  "zoom": {
    "xlim": [0.41, 1.13],
    "xmalp": 0.05,
    "xmilp": 0.01
  },
  "ylim": [12.47, 11.81],
  "ylima": [12.47, 11.81]
}
}}