{
"m1398": {
"name": "Mis V1398",
"other": "AASAS-SN J004456.92+570420.3, USNO-B1.0 1470-0028554, 2MASS J00445692+5704196",
"more": "USNO-B1.0 1470-0028554, GSC2.3 NAMT000443",
"gdr3": 424628813666720384,
"coord": "00 44 56.924 +57 04 19.59",
"coordeg": [11.2371817, 57.0721083],
"type": "EA+HB",
"max": 12.13,
"min": 12.83,
"min2": 12.69,
"system": "V",
"period": 2.912715,
"epoch": 2459484.878,
"2ndmin": 0.338,
"etype": "min",
"sp": "F",
"d": 0.083,
"d2": 0.08,
"teff": 7084,
"logg": 3.86,
"r": 886,
"rp": 886,
"comm": "Eccentric system. Min II = 12.69 V at phase 0.338",
"vsxoid": 275766,
"asaslim": {"V": 0.014, "g": 0.00999},
"atlaslim": {"o": 0.04, "c": 0.04},
"pslim": 0.1,
"ztfran": [13.07, 12.04],
"asasfnam": "m1398-asas.csv",
"atlasfnamz": "m1398-atlas.txt",
"gaiadr3fnam": "m1398-gaiadr3.dat",
"zcatf": "g",
"curveshift": true,
"clrshift": {"g": 0.21, "psg": 0.27, "r": 0, "psr": 0, "i": -0.26, "psi": -0.26, "psy": -1.4, "psz": -1.25,
             "o": -1.0, "c": -0.41, "V": 0, "asasg": 0.25, "G": -0.14},
"plot": {"ztffilt": "g", "psfilt": "", "atlasfilt": "", "asasfilt": "gV",
"atlaslim": 0.2, "atlaselw": 0.26, "xmal": 500, "xmil": 100, "ymil": 0.01,
  "asasms": 2,
  "zms": 3.3,
  "gms": 4,
  "psms": 5,
  "atledgclr": "saddlebrown",
  "xedges": 160,
  "xlim": [-0.25, 1],
  "ylim": [12.30, 12.07],
  "ylimz": [12.87, 12.02],
  "ylima": [12.87, 12.02]
}
}}