{
"mgab282": {
"name": "MGAB-V282",
"other": "ASASSN-V J225051.51+604854.9, GDR3 2206776118199489152",
"desig": "2MASS J22505153+6048548, UCAC4 755-075537, USNO-B1.0 1508-0345089, GSC2.3 N1C9007145",
"gdr3": 2206776118199489152,
"epphot": true,
"tic": 434171115,
"coord": "22 50 51.531 +60 48 54.84",
"coordeg": [342.714713, 60.815233],
"type": "EA",
"max": 12.55,
"min": 13.64,
"min2": 12.95,
"system": "V",
"period": 28.836,
"epoch": 2458017.82,
"2ndmin": 0.662,
"d": 0.1,
"d2": 0.13,
"etype": "min",
"sp": "",
"teff": 9990,
"logg": 4.01,
"r": 1487,
"rp": 1490,
"comm": "Eccentric binary with apsidal motion. Min II at phase = 0.66 in 2019 and 0.63 in 1999. Min I elements given in the table. Min II elements: HJD 2458036.63 + 28.838 x E. Min II amplitude = 0.3 mag in R1 in 1999 and 0.5 mag in V and g in 2014-2019. Min II duration = 16%. Reflection effect between secondary and primary eclipse (amplitude V= 0.10 mag). J-K= 1.12; B-V= 1.80.",
"vsxoid": 687618,
"lc": "mgab282-ztf-asas-gaia-ph.png",
"atlaslim": {"o": 0.02, "c": 0.02},
"asaslim": {"V": 0.03, "g": 0.029},
"pslim": 0.1,
"atlasfnamz": "mgab282-atlas.txt",
"asasfnam": "mgab282-asas.csv",
"gaiadr3fnam": "mgab282-gdr3.dat",
"curveshift": true,
"clrshift": {"g": 1.81, "psg": 0.13, "r": 0, "psr": 0, "i": -0.04, "psi": 0, "psz": -0.2, "psy": -0.2,
             "o": -0.13, "c": 0.06, "V": 0.89, "asasg": 1.81, "G": -0.23},
"plot": {"ztffilt": "gri", "psfilt": "", "atlasfilt": "oc", "asasfilt": "gV",
  "atlaslim": 0.2, "atlaselw": 0.26, "xmal": 500, "xmil": 100, "ymil": 0.05,
  "asasms": 2.8,
  "zms": 4.5,
  "gms": 4,
  "psms": 6,
  "atlasms": {"o": 3.2, "c": 3.6},
  "atledgclr": "darkred",
  "xedges": 130,
  "ylimtess": [0.568, 1.13],
  "xlim": [-0.5, 1],
  "zoom": {
    "xlim": [0.638, 1.026],
    "xmalp": 0.05,
    "xmilp": 0.01
  },
  "ylim": [13.71, 12.30],
  "ylima": [13.71, 12.30]
}
}}