{
"navl02": {
"name": "USNO-B1.0 1534-0126575",
"other": "2MASS J03493215+6324223, GSC2.3 NAVL025471",
"gdr3": 487279540273925504,
"oldname": "u6575",
"coord": "03 49 32.147 +63 24 22.45",
"coordeg": [57.38388, 63.40623],
"type": "EA",
"max": 16.05,
"min": 16.49,
"min2": 16.21,
"system": "r",
"period": 1.853704,
"epoch": 2459772.960,
"etype": "min",
"sp": "F",
"d": 0.088,
"d2": 0.083,
"2ndmin": 0.5,
"teff": 6748,
"logg": 4.30,
"r": 2157,
"rp": 2144,
"comm": "Min II = 16.20 r",
"vsxoid": 256288,
"asaslim": 0.03,
"atlaslim": 0.04,
"pslim": 0.0094,
"gaiadr3fnam": "navl02-gaiadr3.dat",
"curveshift": true,
"clrshift": {"g": 0.92, "psg": 0.87, "r": 0, "psr": 0.06, "i": -0.4, "psi": -0.32, "psy": -0.7, "psz": -0.55,
             "o": -0.15, "c": 0.3, "V": 0.19, "asasg": 0.4, "G": 0.05},
"plot": {"ztffilt": "gri", "psfilt": "grizy", "atlasfilt": "", "asasfilt": "",
"atlaslim": 0.2, "zms": 3, "atlaselw": 0.26, "xmal": 500, "xmil": 100, "ymil": 0.02,
  "asasms": 2,
  "psms": 6,
  "atledgclr": "saddlebrown",
  "magl": 0.1, "xedges": 160,
  "legz": "lower left",
  "ylim": [16.58, 15.97],
  "ylima": [16.58, 15.97]
}
}}