{
"nsv14400": {
"name": "NSV 14400",
"other": "ASASSN-V J230237.62+583508.3, UCAC4 743-086292, 2MASS J23023751+5835092",
"desig": "USNO-B1.0 1485-0371767, GSC2.3 N1DJ000624",
"coord": "23 02 37.511 +58 35 09.21",
"gdr3": 2013271387502721664,
"epphot": false,
"coordeg": [345.6562958, 58.5858923],
"type": "EA",
"max": 13.09,
"min": 13.83,
"min2": 13.20,
"d": 0.07,
"d2": 0.05,
"system": "V",
"period": 3.34370,
"epoch":  2459202.682,
"2ndmin": 0.651,
"etype": "min",
"sp": "",
"r": 1495,
"rp": 1496,
"comm": "Eccentric system. Min II = 13.20 V at phase 0.651, duration 5%. 2021PZP....21....2K: Min II - Min I = 0.645 P. MinII = 13.22V.",
"vsxoid": 53024,
"lc": "nsv14400-ztf-asas-ph.png",
"asaslimold": 0.07,
"atlaslim": {"o": 0.086, "c": 0.066},
"asaslim": {"V": 0.035, "g": 0.034},
"pslim": 0.1,
"atlasfnamz": "nsv14400-atlas.txt",
"asasfnam": "nsv/14400-asas.csv",
"curveshift": true,
"clrshift": {"g": 0.11, "psg": 0.13, "r": -0.03, "psr": 0, "i": -0.04, "psi": 0, "psz": -0.2, "psy": -0.2,
             "o": 0, "c": 0.0, "V": 0, "asasg": 0.2, "G": 0.0},
"plot": {"ztffilt": "gri", "psfilt": "", "atlasfilt": "oc", "asasfilt": "Vg",
  "atlaslim": 0.2, "atlaselw": 0.26, "xmal": 500, "xmil": 170, "ymil": 0.02,
  "asasms": 1.8,
  "zms": 3.5,
  "gms": 4,
  "psms": 6,
  "atlasms": {"o": 2, "c": 2},
  "atledgclr": "darkred",
  "xedges": 90,
  "xlim": [-0.1, 1],
  "zoom": {
    "xlim": [-0.06, 0.69]
  },
  "ylim": [13.91, 13.0],
  "ylima": [13.91, 13.0]
}
}}