{
"nsv14401": {
"name": "NSV 14401",
"other": "TIC 314039074, GSC 03997-01831, UCAC4 743-086312, USNO-B1.0 1485-0371817",
"desig": "2MASS J23024182+5835382, GSC2.3 N1DJ000623",
"coord": "23 02 41.830 +58 35 38.28",
"gdr3": 2013271383199581184,
"epphot": false,
"tic": 314039074,
"coordeg": [345.674291, 58.593966],
"type": "EA",
"max": 12.56,
"min": 13.31,
"min2": 13.00,
"d": 0.0078,
"d2": 0.008,
"system": "V",
"period": 54.45015,
"epoch": 2459202.679,
"2ndmin": 0.4944,
"etype": "min",
"sp": "G",
"spref": "2023A&A...674A..26C",
"teff": 5808,
"logg": 4.07,
"r": 453,
"rp": 453,
"comm": "Eccentric system. Min II = 13.00 V at phase 0.4944, duration 0.8%",
"vsxoid": 53025,
"lczoom": "nsv14401-ztf-atlas-asas-phz.png",
"atlaslim": {"o": 0.03, "c": 0.03},
"asaslim": {"V": 0.025, "g": 0.03},
"atlasfnam": "nsv14401-atlas.txt",
"asasfnam": "nsv/14401-asas.csv",
"curveshift": true,
"clrshift": {"g": 0.28, "r": -0.23, "o": -0.27, "c": 0.02, "V": 0, "asasg": 0.37},
"plot": {"ztffilt": "gr", "psfilt": "", "atlasfilt": "oc", "asasfilt": "gV",
  "atlaslim": 0.2, "atlaselw": 0.26, "xmal": 500, "xmil": 100, "ymil": 0.02,
  "asasms": 1.8,
  "zms": 3.5,
  "gms": 4,
  "atlasms": {"o": 2, "c": 2},
  "atledgclr": "darkred",
  "xedges": 150,
  "ylimtess": [0.547, 1.039],
  "xlim": [-0.1, 1],
  "zoom": {
    "xlim": [-0.02, 0.52],
    "xmalp": 0.05,
    "xmilp": 0.01
  },
  "ylim": [13.34, 12.48],
  "ylima": [13.34, 12.48]
}
}}