{
"nsv4595": {
"name": "NSV 4595",
"other": "ASASSN-V J094228.07-654558.0, WISE J094228.6-654558, UCAC4 122-022779, GSC 08953-00751",
"desig": "2MASS 09422860-6545588, USNO-B1.0 0242-0146476, GSC2.3 S4PP000409",
"tic": 362336448,
"gdr3": 5249026214165192960,
"epphot": true,
"coord": "09 42 28.611 -65 45 58.85",
"coordeg": [145.6192125, -65.7663472],
"type": "EA",
"max": 12.80,
"min": 13.79,
"min2": 13.10,
"d": 0.188,
"system": "V",
"period": 4.035921,
"epoch": 2457892.538,
"2ndmin": 0.5,
"etype": "min",
"sp": "",
"teff": 5690,
"logg": 3.27,
"r": 1595,
"rp": 1586,
"comm": "",
"vsxoid": 43219,
"primref": "2018MNRAS.477.3145J",
"atlaslim": {"o": 0.086, "c": 0.066},
"asaslim": {"V": 0.035, "g": 0.032},
"pslim": 0.1,
"asasfnam": "nsv/4595-asas.csv",
"gaiadr3fnam": "nsv4595-gdr3.dat",
"curveshift": true,
"clrshift": {"g": 0.41, "psg": 0.41, "r": 0, "psr": 0, "i": 0.04, "psi": 0, "psz": -0.2, "psy": -0.2,
             "o": 0, "c": 0.0, "V": 0, "asasg": 0.41, "G": -0.22},
"plot": {"ztffilt": "", "psfilt": "", "atlasfilt": "", "asasfilt": "gV",
  "atlaslim": 0.2, "atlaselw": 0.26, "xmal": 500, "xmil": 100, "ymil": 0.02,
  "asasms": 1.8,
  "zms": 3.5,
  "gms": 4,
  "psms": 6,
  "atlasms": {"o": 2, "c": 2},
  "atledgclr": "darkred",
  "xedges": 90,
  "ylimtess": [0.419, 1.085],
  "zoom": {
    "xlim": [-0.25, 0.75],
    "xmalp": 0.05,
    "xmilp": 0.01
  },
  "xlimz": [-0.1, 1],
  "ylim": [13.87, 12.71],
  "ylima": [13.87, 12.71]
}
}}