{
"nsv61": {
"name": "NSV 61",
"other": "ASASSN-V J000941.87+633022.3, 2MASS J00094183+6330224, USNO-B1.0 1535-0006777",
"gsc": "GSC2.3 NAKN103958",
"gdr3": 431642293408833664,
"coord": "00 09 41.834 +63 30 22.36",
"coordeg": [2.4243071, 63.5062106],
"type": "EA",
"max": 14.70,
"min": 15.33,
"min2": 15.27,
"system": "r",
"period": 4.747285,
"epoch": 2458830.695,
"2ndmin": 0.280,
"d": 0.07,
"etype": "min",
"sp": "F",
"teff": 7198,
"logg": 3.6,
"r": 2769,
"rp": 2746,
"comm": "Eccentric system. Min II = 15.28 r at phase 0.280",
"vsxoid": 38685,
"asaslimold": 0.07,
"atlaslim": {"o": 0.022, "c": 0.027},
"asaslim": {"V": 0.055, "g": 0.04},
"pslim": 0.1,
"atlasfnam": "nsv61-atlas.txt",
"asasfnam": "nsv/61-asas.csv",
"gaiadr3fnam": "nsv61-gaiadr3.dat",
"zcatf": "",
"curveshift": true,
"clrshift": {"g": 0.55, "psg": 0, "r": 0, "psr": 0, "i": -0.17, "psi": -0.17, "psz": -0.25, "psy": -0.38,
             "o": -0.06, "c": 0.27, "V": 0.2, "asasg": 0.39, "G": 0.03},
"plot": {"ztffilt": "gr", "psfilt": "zy", "atlasfilt": "oc", "asasfilt": "",
  "atlaslim": 0.2, "atlaselw": 0.26, "xmal": 500, "xmil": 100, "ymil": 0.02,
  "asasms": 7,
  "zms": 6.5,
  "gms": 4,
  "psms": 7,
  "atlasms": {"o": 2.4, "c": 2.4},
  "atledgclr": "darkred",
  "magl": 0.1,
  "xedgesz": 120,
  "xlima": [56895, 60352],
  "xlim": [-0.1, 1],
  "ylim": [15.47, 14.57],
  "ylima": [16.02, 15.11],
  "ylimazz": [13.88, 13.45]
}
}}