{
"tulyn": {
"name": "TU Lyn",
"other": "ASASSN-V J063102.73+611428.1, NSVS 2335765, TIC 55394722, TYC 4096-1455-1",
"desig": "Gaia DR3 1006640523438960384, GSC 04096-01455, UCAC4 757-037549, USNO-B1.0 1512-0155587, 2MASS J06310268+6114290, GSC2.3 N7G2000200",
"tic": 55394722,
"gdr3": 1006640523438960384,
"epphot": true,
"veb": true,
"coord": "06 31 02.681 +61 14 28.94",
"coordeg": [97.761172, 61.241373],
"type": "EA/GS:",
"max": 10.43,
"min": 11.14,
"min2": 11.14,
"system": "V",
"period": 38.9442,
"epoch": 2425912.610,
"2ndmin": 0.8269,
"etype": "min",
"d": 0.0275,
"d2": 0.01,
"G": 10.34,
"V": 10.43,
"BP-RP": 0.725,
"sp": "F2-5/F0:",
"spref": "1962MitVS.626....1G",
"teff": 6000,
"logg": 3.5,
"r": 475,
"rp": 474,
"comm": "Eccentric system. Min II = 11.14 V at phase 0.8269, duration 1%. Primary might be the secondary. 2024MNRAS.527..521K: LAMOST J063102.67+611428.8 SB2 candidate.",
"vsxoid": 17924,
"lc": "tulyn-assn-gaia-tess-ph.png",
"lczoom": "tulyn-assn-gaia-tess-phz.png",
"asaslim": {"V": 0.03, "g": 0.02},
"asasfnam": "tulyn-asas.csv",
"gaiadr3fnam": "tulyn-gdr3.dat",
"curveshift": true,
"clrshift": {"g": 0.12, "psg": 0.13, "r": 0, "psr": 0, "i": -0.04, "psi": 0, "psz": -0.2, "psy": -0.2,
             "o": 0, "c": 0, "V": 0, "asasg": 0.24, "G": -0.09, "W": 0.17, "TESS": 0},
"plot": {"ztffilt": "", "psfilt": "", "atlasfilt": "", "asasfilt": "gV",
  "xmal": 500, "xmil": 100, "ymal": 0.2, "ymil": 0.02, "xmalp": 0.2, "xmilp": 0.05,
  "asasms": {"g": 4, "V": 3.5}, "gms": 6.5,
  "tess": "QLP",
  "xedges": 150,
  "leg": "lower center",
  "xlim": [-0.05, 1],
  "ylimtess": [0.4, 1.02],
  "zoom": {
    "xlim": [0.812, 1.028],
    "xmalp": 0.02,
    "xmilp": 0.01
  },
  "ylim": [11.16, 10.36],
  "ylima": [11.16, 10.36]
}
}}