{
"tulyn": {
"name": "TU Lyn",
"other": "ASASSN-V J063102.73+611428.1, NSVS 2335765, TYC 4096-1455-1",
"desig": "Gaia DR3 1006640523438960384, USNO-B1.0 1512-0155587, 2MASS J06310268+6114290, GSC2.3 N7G2000200",
"gdr3": 1006640523438960384,
"epphot": true,
"coord": "06 31 02.681 +61 14 28.94",
"coordeg": [97.7611717, 61.2413733],
"type": "EA/GS:",
"max": 10.43,
"min": 11.13,
"min2": 10.98,
"min2z": 10.77,
"system": "V",
"period": 38.9442,
"epoch": 2425912.610,
"2ndminz": 0.8285,
"2ndmin": 0.8269,
"etype": "min",
"d": 0.027,
"d2": 0.0095,
"d2z": 0.006,
"sp": "F0:",
"spref": "1962MitVS.626....1G",
"G": 10.34,
"teff": 6000,
"logg": 3.5,
"r": 475,
"rp": 473.7,
"comm": "Eccentric system. Min II = 10.9: V at phase 0.827, duration 1%. 2024MNRAS.527..521K: LAMOST-MRS J063102.67+611428.8 SB2 candidate.",
"vsxoid": 17924,
"lc": "tulyn-asas-gaia-ph.png",
"asaslim": {"V": 0.03, "g": 0.020},
"asasfnam": "tulyn-asas.csv",
"gaiadr3fnam": "tulyn-gdr3.dat",
"curveshift": true,
"clrshift": {"g": 0.12, "psg": 0.13, "r": 0, "psr": 0, "i": -0.04, "psi": 0, "psz": -0.2, "psy": -0.2,
             "o": 0, "c": 0, "V": 0, "asasg": 0.24, "G": -0.09},
"plot": {"ztffilt": "", "psfilt": "", "atlasfilt": "", "asasfilt": "gV",
  "xmal": 500, "xmil": 100, "ymal": 0.2, "ymil": 0.02,
  "asasms": 3,
  "gms": 4,
  "xedges": 150,
  "xlim": [-0.1, 1],
  "zoom": {
    "xlim": [0.81, 1.05],
    "xmalp": 0.1,
    "xmilp": 0.02
  },
  "ylim": [11.16, 10.35],
  "ylima": [11.16, 10.35]
}
}}