{
"u170": {
"name": "UCAC3 170-058819",
"other": "USNO-B1.0 0846-0122118, 2MASS J07070808-0521328, WISE J070708.08-052132.9",
"desig": "GDS J0707088-052133, GSC2.3 S3AS019964",
"gdr3": 3053382896023683072,
"epphot": true,
"coord": "07 07 08.082 -05 21 32.99",
"coordeg": [106.783678, -5.359178],
"type": "EA",
"max": 14.45,
"min": 14.76,
"min2": 14.72,
"system": "r",
"period": 3.20341,
"epoch": 2459636.697,
"epoch-min": 2455970.3894,
"d": 0.05,
"etype": "min",
"teff": 5559,
"logg": 3.83,
"r": 1100,
"rp": 1090,
"sp": "G",
"comm": "Min II = 14.72 r",
"gaiadr3fnam": "u170-gaiadr3.dat",
"asasfnamz": "u170-asas.csv",
"asaslim": {"V": 0.5, "g": 0.5},
"vsxoid": 359210,
"atlaslim": {"o": 0.02, "c": 0.02},
"pslim": 0.2,
"zcatf": "gr",
"curveshift": true,
"clrshift": {"g": 0.50, "psg": 0, "r": 0.0, "psr": 0, "i": -0.17, "z": 0, "o": -0.04, "c": 0.25, "G": 0.035},
"plot": {"ztffilt": "gri", "psfilt": "", "atlasfilt": "", "asasfilt": "",
"atlaslim": 0.2, "zms": 3, "atlaselw": 0.26, "xmal": 500, "xmil": 100, "ymil": 0.01,
  "atledgclr": "saddlebrown",
  "magl": 0.1, "xedges": 150,
  "ylim": [14.78, 14.40],
  "ylima": [14.78, 14.40]
}
}}