{
"u240": {
"name": "UCAC3 240-187355",
"other": "GSC2.3 N2FF000651, 2MASS J19343148+2932475, WISE J193431.48+293247.4",
"gsc": "GSC2.3 N2FF000651",
"gdr3": 2032350422553392768,
"coord": "19 34 31.479 +29 32 47.47",
"coordc": "",
"coordeg": [293.63116, 29.54652],
"type": "EA",
"max": 12.83,
"min": 13.09,
"d": 0.16,
"system": "g",
"period": 0.699445,
"epoch": 2456179.382,
"sp": "A",
"teff": 8989,
"logg": 4.14,
"r": 1253,
"rp": 1245,
"etype": "min",
"gaiadr3fnam": "u240-gaiadr3.dat",
"comm": "D = 0.16 P. 17'': ZTF J193430.43+293237.6 EW 1920057 15.122 (0.210) r",
"vsxoid": 359214,
"atlaslim": 0.2,
"pslim": 0.089,
"clrshift": {"g": 0, "psg": 0, "r": 0.08, "psr": 0.1, "i": 0.18, "z": 0, "o": 0, "c": 0, "G": -0.05},
"plot": {"ztffilt": "gri", "psfilt": "", "atlasfilt": "", "asasfilt": "",
"atlaslim": 0.2, "zms": 3, "atlaselw": 0.26, "xmal": 500, "xmil": 100, "ymil": 0.01,
  "atledgclr": "saddlebrown",
  "magl": 0.1, "xedges": 150, "atlasms": 2,
  "ylim": [13.12, 12.75]
}
}}