{
"u248199": {
"name": "UCAC3 248-199991",
"other": "2MASS J19540625+3348382, ATO J298.5260+33.8106, GSC2.3 N2FU000810",
"desig": "USNO-B1.0 1238-0394807",
"gdr3": 2035133320828876416,
"coord": "19 54 06.252 +33 48 38.36",
"coordeg": [298.52605, 33.81064],
"type": "EA",
"max": 12.29,
"min": 12.65,
"min2": 12.42,
"system": "g",
"period": 1.976275,
"epoch": 2458280.786,
"d": 0.08,
"etype": "min",
"sp": "",
"comm": "Min II = 12.42 g",
"vsxoid": 359217,
"contamination": "ASAS-SN magnitudes contaminated by Gaia DR3 487279535974650752 G=17.15 at 14''",
"r": 875,
"rp": 870,
"atlaslim": {"o": 0.04, "c": 0.04},
"pslim": 0.2,
"gaiadr3fnam": "u248199-gaiadr3.dat",
"asasfnam": "u248199-asas.csv",
"curveshift": true,
"asaslim": {"V": 0.03, "g": 0.01},
"clrshift": {"g": 0, "psg": 0, "r": 0.0, "psr": -0.02, "psi": 0, "z": 0, "o": -0.16, "c": -0.13, "G": -0.23,
             "V": -0.34, "asasg": 0},
"plot": {"ztffilt": "g", "psfilt": "r", "atlasfilt": "", "asasfilt": "V",
"atlaslim": 0.2, "zms": 3, "atlaselw": 0.26, "xmal": 500, "xmil": 100, "ymil": 0.02,
  "atledgclr": "saddlebrown",
  "xedges": 150,
  "ylim": [12.711, 12.127],
  "ylima": [12.711, 12.127]
}
}}