{
"u248": {
"name": "UCAC3 248-205306",
"other": "ATO J299.5353+33.7330, 2MASS J19580849+3343590, GSC2.3 N2FV000113",
"gdr3": 2034472754869700608,
"coord": "19 58 08.487 +33 43 59.03",
"coordeg": [299.53537, 33.73306],
"type": "EA",
"max": 13.53,
"min": 13.79,
"min2": 13.6,
"system": "r",
"period": 1.328946,
"epoch": 2458361.849,
"etype": "min",
"d": 0.195,
"r": 2093,
"rp": 2094,
"sp": "",
"comm": "Min II = 13.59 r",
"vsxoid": 359219,
"gaiadr3fnam": "u248-gaiadr3.dat",
"con": "Peg",
"asaslim": 0.03,
"atlaslim": 0.04,
"pslim": 0.089,
"curveshift": true,
"clrshift": {"g": 0.59, "psg": 0.59, "r": 0, "psr": 0.1, "i": -0.28, "psi": -0.15, "psz": -0.34,
              "psy": -0.42, "o": -0.15, "c": 0.3, "V": 0.19, "asasg": 0.4, "G": 0.03},
"plot": {"ztffilt": "gri", "psfilt": "g", "atlasfilt": "", "asasfilt": "",
"atlaslim": 0.2, "zms": 3, "atlaselw": 0.26, "xmal": 500, "xmil": 100, "ymil": 0.01,
  "asasms": 2,
  "psms": 6,
  "atledgclr": "saddlebrown",
  "magl": 0.1, "xedges": 160,
  "ylim": [13.88, 13.45],
  "ylima": [13.88, 13.45]
}
}
}