{
"v1403cyg": {
"name": "V1403 Cyg",
"other": "TIC 370994006, BD+50 3498, GSC 03617-02158, TYC 3617-2158-1",
"desig": "2MASS J21565489+5108149, UCAC4 706-090991, USNO-B1.0 1411-0417771, GSC2.3 N2UU001623",
"gdr3": 1980253912325323776,
"tic": 370994006,
"epphot": false,
"veb": false,
"coord": "21 56 54.894 +51 08 14.80",
"coordeg": [329.228725, 51.137444],
"period": 37.91605,
"epoch": 2459868.185,
"2ndmin": 0.7218,
"etype": "min",
"d": 0.01,
"d2": 0.021,
"type": "EA",
"max": 10.69,
"min": 11.37,
"min2": 11.23,
"system": "V",
"G": 10.642,
"V": 10.69,
"BP-RP": 0.391,
"sp": "B8",
"spref": "1971RA......8..211M",
"teff": 10264,
"logg": 3.83,
"r": 830.6,
"rp": 829.6,
"comm": "Eccentric system. Min II = 11.23 V at phase 0.7218, duration 2.1%",
"vsxoid": 12323,
"lc": "v1403cyg-assn-tess-ph.png",
"lclnk": "",
"lczoom": "v1403cyg-assn-tess-phz.png",
"asaslim": {"V": 0.023, "g": 0.023},
"asasfnam": "v1403cyg-assn.csv",
"waspfnamz": "v1403cyg-w.dat",
"wasplim": 0.04,
"curveshift": true,
"clrshift": {"g": 0, "r": 0, "i": 0, "TESS": 0.0, "o": 0, "c": 0, "V": 0, "asasg": 0.07, "G": -0.05, "W": 0.33},
"plot": {"ztffilt": "", "psfilt": "", "atlasfilt": "", "asasfilt": "gV", "gdsfilt": "",
  "atlaslim": 0.2, "atlaselw": 0.26, "xmal": 500, "xmil": 100, "ymil": 0.01,
  "asasms": {"g": 3.9, "V": 5}, "psms": 6, "atlasms": {"o": 2, "c": 2},
  "tess": "QLP", "tessms": 4,
  "atledgclr": "darkred",
  "xedges": 160,
  "leg": "lower right",
  "ylimtess": [0.598, 1.02],
  "xlim": [-0.04, 1],
  "zoom": {
    "xlim": [0.7, 1.015],
    "xlim1": [-0.014, 0.014],
    "xlim2": [0.7079, 0.7359],
    "xmalp": 0.005,
    "xmilp": 0.001
  },
  "ylim": [11.398, 10.61],
  "ylima": [11.398, 10.61]
}
}}