{
"v374cyg": {
"name": "V374 Cyg",
"other": "ASASSN-V J204709.71+350010.8, UCAC4 626-102796, USNO-B1.0 1250-0424105",
"desig": "Gaia DR3 1869513914363664896, 2MASS J20470960+3500113, GSC2.3 N35M000938",
"gdr3": 1869513914363664896,
"epphot": true,
"tic": 232930871,
"coord": "20 47 09.600 +35 00 11.26",
"coordeg": [311.790000, 35.003128],
"type": "EA",
"max": 12.24,
"min": 13.07,
"min2": 12.50,
"system": "V",
"period": 12.75055,
"epoch": 2457135.91,
"2ndmin": 0.5,
"etype": "min",
"d": 0.059,
"sp": "G3",
"spref": "2018ApJS..235....5Q",
"G": 12.01,
"teff": 5839,
"logg": 4.12,
"r": 864,
"rp": 865,
"comm": "D = 0.056 P.",
"vsxoid": 11294,
"lc": "v374cyg-ztf-asas-gaia-ph.png",
"atlaslim": {"o": 0.1, "c": 0.02},
"asaslim": {"V": 0.021, "g": 0.024},
"pslim": 0.1,
"atlasfnam": "v374cyg-atlas.txt",
"asasfnam": "v374cyg-asas.csv",
"gaiadr3fnam": "v374cyg-gdr3.dat",
"zcatf": "g",
"curveshift": true,
"clrshift": {"g": 0.23, "psg": 0.13, "r": 0, "psr": 0, "i": -0.04, "psi": 0, "psz": -0.2, "psy": -0.2,
             "o": -0.38, "c": -0.06, "V": 0, "asasg": 0.25, "G": -0.34},
"plot": {"ztffilt": "g", "psfilt": "", "atlasfilt": "", "asasfilt": "gV",
  "atlaslim": 0.2, "atlaselw": 0.26, "xmal": 500, "xmil": 100, "ymil": 0.02,
  "asasms": 2.8,
  "zms": 4.5,
  "gms": 4,
  "psms": 6,
  "atlasms": {"o": 2, "c": 2},
  "atledgclr": "darkred",
  "ylimtess": [0.599, 1.163],
  "xedges": 130,
  "xlim": [-0.1, 1],
  "zoom": {
    "xlim": [-0.1, 0.59],
    "xmalp": 0.05,
    "xmilp": 0.01
  },
  "ylim": [13.21, 12.2],
  "ylima": [13.21, 12.2]
}
}}