{
"v476lac": {
"name": "V476 Lac",
"other": "TYC 3633-2139-1, UCAC4 713-108278, USNO-B1.0 1424-0525647",
"desig": "2MASS J22491811+5226360, ASASSN-V J224918.41+522636.3, Gaia DR3 1990333238486114176",
"tic": 66881144,
"gdr3": 1990333238486114176,
"epphot": true,
"coord": "22 49 18.100 +52 26 35.83",
"coordeg": [342.325417, 52.443286],
"type": "EA",
"max": 10.53,
"min": 11.09,
"min2": 10.93,
"system": "g",
"period": 17.9195,
"epoch": 2451441.081,
"2ndmin": 0.5,
"etype": "min",
"d": 0.093,
"teff": 4752,
"logg": 2.51,
"r": 623,
"rp": 625,
"sp": "K2III",
"spref": "2010PASP..122.1437P",
"G": 12.36,
"comm": "",
"vsxoid": 144401,
"lc": "v476lac-asas-gaia-ph.png",
"atlaslim": {"o": 0.02, "c": 0.02},
"asaslim": {"V": 0.017, "g": 0.015},
"pslim": 0.1,
"asasfnam": "v476lac-asas.csv",
"atlasfnamz": "v476lac-atlas.txt",
"gaiadr3fnam": "v476lac-gdr3.dat",
"zcatf": "",
"curveshift": true,
"clrshift": {"g": 0, "psg": 0, "r": -0.11, "psr": -0.11, "i": -0.04, "psi": 0, "psz": -0.2, "psy": -0.2,
             "o": -0.09, "c": -0.06, "V": -0.09, "asasg": 0.50, "G": -0.45},
"plot": {"ztffilt": "", "psfilt": "", "atlasfilt": "", "asasfilt": "gV",
  "atlaslim": 0.2, "atlaselw": 0.26, "xmal": 500, "xmil": 100, "ymil": 0.02,
  "asasms": 3.5,
  "zms": 4.5,
  "gms": 4,
  "psms": 6,
  "atlasms": {"o": 2, "c": 2},
  "atledgclr": "darkred",
  "legz": "lower center",
  "xedges": 130,
  "xlim": [-0.1, 1],
  "ylimtess": [0.70, 1.116],
  "zoom": {
    "xlim": [-0.07, 0.57],
    "xmalp": 0.05,
    "xmilp": 0.01
  },
  "ylim": [11.16, 10.48],
  "ylima": [11.16, 10.48]
}
}}