{
"v698cyg": {
"name": "V698 Cyg",
"other": "TYC 2682-3004-1, UCAC4 632-087925, USNO-B1.0 1262-0393570",
"desig": "2MASS J19595335+3616400, GSC 02682-03004, GSC2.3 N2FX000836",
"gdr3": 2059732282164923392,
"epphot": true,
"tic": 173073484,
"coord": "19 59 53.350 +36 16 40.00",
"coordeg": [299.9722722536, 36.2777581],
"type": "EA",
"max": 11.53,
"min": 13.52,
"min2": 11.60,
"system": "V",
"period": 97.773,
"epoch": 2434309.48,
"2ndmin": 0.5,
"etype": "min",
"d": 0.064,
"sp": "B2",
"spref": "2018ApJS..235...16B",
"G": 11.37,
"r": 3317,
"rp": 3394,
"comm": "Min II = 11.60 V.",
"vsxoid": 11618,
"lc": "v698cyg-asas-gaia-ph.png",
"atlaslim": {"o": 0.13, "c": 0.15},
"asaslim": {"V": 0.036, "g": 0.048},
"pslim": 0.1,
"asasfnam": "g205-asas.csv",
"gaiadr3fnam": "g205-gdr3.dat",
"curveshift": true,
"clrshift": {"g": 0.12, "psg": 0.13, "r": 0, "psr": 0, "i": -0.04, "psi": 0, "psz": -0.2, "psy": -0.2,
             "o": 0, "c": 0, "V": 0, "asasg": 0.4, "G": -0.16},
"plot": {"ztffilt": "", "psfilt": "", "atlasfilt": "", "asasfilt": "gV",
  "atlaslim": 0.2, "atlaselw": 0.26, "xmal": 500, "xmil": 100, "ymal": 0.5, "ymil": 0.05,
  "asasms": 3,
  "zms": 3.5,
  "gms": 4,
  "psms": 6,
  "atlasms": {"o": 2, "c": 2},
  "atledgclr": "darkred",
  "xedges": 130,
  "xlim": [-0.1, 1],
  "ylimtess": [0.245, 1.085],
  "zoom": {
    "xlim": [-0.05, 0.57],
    "xmalp": 0.1,
    "xmilp": 0.02
  },
  "ylim": [13.65, 11.45],
  "ylima": [13.65, 11.45]
}
}}