{
"vssp0747": {
"name": "VSSP J074730.57+430403.6",
"other": "GALEX J074730.5+430403, SDSS J074730.57+430403.6, WD 0744+431",
"desig": "2MASS J07473056+4304035, GSC2.3 N8UD007708, TIC 241182570, USNO-B1.0 1330-0239725, XPM 266-0347495",
"coord": "07 47 30.574 +43 04 03.62",
"coordeg": [116.8773917, 43.0676722],
"gdr3": 925792948115904256,
"tic": 241182570,
"epphot": false,
"veb": false,
"vst": false,
"type": "EA/WD",
"max": 18.23,
"min": 18.9,
"d": 0.026,
"system": "r",
"period": 0.5780948,
"epoch": 2458849.809,
"etype": "min",
"sp": "DA+dM4e",
"G": 17.866,
"BP-RP": 1.771,
"teff": 3461,
"logg": 4.872,
"r": 295.7,
"rp": 304.7,
"comm": "g amplitude 1.75, r amplitude 0.67, c amplitude 0.35",
"atlasnam": "vssp0747",
"atlaslim": {"o": 0.25, "c": 0.29},
"ztfranz": [22, 18.84],
"vsxoid": 9220840,
"lc": "vssp0747-ps1-ztf-atl-ph.png",
"lczoom": "vssp0747-ps1-ztf-atl-phz.png",
"curveshift": true,
"zcatf": "gri",
"clrshift": {"g": 0.48, "psg": 0.47, "r": 0.0, "psr": 0.09, "i": -1.1, "psi": -0.9, "psz": -1.45, "psy": -1.72,
             "o": -0.4 , "c": 0.35, "G": -0.36},
"plot": {"ztffilt": "gri", "psfilt": "grizy", "atlasfilt": "oc",
  "psms": 7, "atlasms": {"o": 1.9, "c": 1.9}, "zms": 5, "elw": 1, "gms": 6.5,
  "atledgclr": "#922",
  "xmal": 800, "xmil": 100, "ymil": 0.05, "ymal": 0.3,
  "xedges": 130,
  "xlim": [-0.1, 1],
  "zoom": {
    "xlim": [-0.051, 0.051],
    "xmalp": 0.04,
    "xmilp": 0.01
  },
  "ylim": [20.12, 17.91],
  "ylima": [20.12, 17.91]
}
}}