{
"z0308": {
"name": "ZTF J030818.17+514011.6",
"other": "ATO J047.0757+51.6698, Gaia DR3 440098877851219456, UCAC4 709-024698",
"desig": "USNO-B1.0 1416-0097614, 2MASS J03081817+5140116, GSC2.3 NCHU035787, EQ J0308+5140",
"gdr3": 440098877851219456,
"epphot": true,
"veb": true,
"tic": 116887189,
"coord": "03 08 18.187 +51 40 11.62",
"coordeg": [47.0757792, 51.6698944],
"type": "EA",
"max": 16.04,
"min": 16.59,
"min2": 16.20,
"d": 0.2,
"system": "g",
"period": 0.8058785,
"epoch": 2458358.007,
"etype": "min",
"sp": "A",
"G": 15.26,
"teff": 8020,
"logg": 3.54,
"r": 2188,
"rp": 2003,
"comm": "",
"atlasfnam": "z0308-atlas.txt",
"atlaslim": {"o": 0.045, "c": 0.034},
"gaiadr3fnam": "z0308-gdr3.dat",
"vsxoid": 2202615,
"lc": "z0308-ps1-ztf-atl-gaia-ph.png",
"curveshift": true,
"zcatf": "gr",
"clrshift": {"g": 0, "psg": -0.04, "r": -0.81, "psr": -0.78, "i": -0.1, "psi": -1.14, "psz": -1.36, "psy": -1.54,
             "o": -0.94 , "c": -0.4, "G": -0.78},
"plot": {"ztffilt": "gri", "psfilt": "grizy", "atlasfilt": "oc",
  "psms": 7, "atlasms": {"o": 1.9, "c": 1.9}, "zms": 5.9, "elw": 1, "gms": 7,
  "atledgclr": "#922",
  "xmal": 800, "xmil": 100, "ymil": 0.01,
  "xedges": 130,
  "leg": "lower left",
  "xlim": [-0.5, 1],
  "ylim": [16.65, 15.96],
  "ylima": [16.65, 15.96]
}
}}