{
"z0547": {
"name": "ZTF J054744.02+304732.2",
"other": "Gaia DR3 3444789755392436992, USNO-B1.0 1207-0102099, GSC2.3 N9SU014007",
"gdr3": 3444789755392436992,
"epphot": false,
"veb": false,
"tic": 722521700,
"coord": "05 47 44.030 +30 47 32.04",
"coordeg": [86.933458, 30.792233],
"type": "EA/HW",
"max": 17.63,
"min": 21.0,
"d": 0.14,
"system": "r",
"period": 0.0946493,
"epoch": 2460155.9946,
"etype": "min",
"sp": "",
"G": 18.403,
"BP-RP": 0.609,
"r": 3163,
"rp": 10207,
"comm": "",
"atlasfnam": "z0547-atlas.txt",
"atlaslim": {"o": 0.2, "c": 0.2},
"vsxoid": 1657369,
"lc": "z0547-ps1-ztf-ph.png",
"curveshift": true,
"zcatf": "gr",
"clrshift": {"g": 0.27, "psg": 0.23, "r": 0, "psr": 0, "i": -0.07, "psi": -0.07, "psz": -0.08, "psy": -0.22,
             "o": 0.35, "c": 0.5, "CV": -0.42},
"plot": {"ztffilt": "gri", "psfilt": "griz", "atlasfilt": "",
  "psms": 7, "atlasms": {"o": 1.9, "c": 1.9}, "zms": 4, "elw": 1,
  "atledgclr": "#922",
  "xmal": 800, "xmil": 100, "ymil": 0.05,
  "xedges": 230,
  "xlim": [-0.5, 1],
  "zoom": {
    "ylim": [19.25, 17.43],
    "xmalp": 0.5,
    "xmilp": 0.1
  },
  "ylim": [19.59, 18.15],
  "ylima": [19.59, 18.15]
}
}}