{
"z1256": {
"name": "ZTF J125620.57+211725.8",
"other": "LAMOST J125620.58+211725.6, LP 378-57, USNO-B1.0 1112-0215682",
"desig": "Gaia DR3 3942794550553585920, 2MASS J12562080+2117249, GSC2.3 N5IB004095",
"gdr3": 3942794550553585920,
"epphot": false,
"veb": false,
"vst": false,
"tic": 149504707,
"coord": "12 56 20.791 +21 17 25.03",
"coordeg": [194.086629, 21.290286],
"type": "EA/WD",
"max": 18.09,
"min": 19.66,
"d": 0.02,
"system": "g",
"period": 0.55595265,
"epoch": 2458205.8277,
"etype": "min",
"sp": "",
"G": 16.425,
"BP-RP": 2.7116,
"r": 44.987,
"rp": 44.958,
"primref": "2023MNRAS.521.1880B",
"comm": "Bad ATLAS data",
"atlasnam": "z1256",
"atlaslim": {"o": 0.1, "c": 0.3},
"vsxoid": 0,
"lc": "z1256-ztf-css-ph.png",
"lczoom": "z1256-ztf-css-phz.png",
"crtsnam": "z1256",
"crtslim": 0.49,
"curveshift": true,
"zcatf": "gr",
"clrshift": {"g": 0.0, "psg": 0.03, "r": -1.03, "psr": -1.03, "i": -2.55, "psi": -2.55, "psz": -2, "psy": -2,
             "o": -0.4, "c": 0.7, "CV": -1.73},
"plot": {"ztffilt": "gri", "psfilt": "", "atlasfilt": "",
  "psms": 7, "atlasms": {"o": 2, "c": 2}, "zms": 5.9, "elw": 1,
  "atledgclr": "#922",
  "xmal": 800, "xmil": 100, "ymil": 0.05,
  "xedges": 230,
  "xlim": [-0.1, 1],
  "zoom": {
    "xlim": [-0.07, 0.07],
    "xmalp": 0.02,
    "xmilp": 0.01
  },
  "ylim": [19.73, 17.86],
  "ylima": [19.73, 17.86]
}
}}