{
"z1927": {
"name": "ZTF J192738.29+341141.8",
"other": "ATO J291.9095+34.1949, TIC 395107536, Gaia DR3 2046661975094606208",
"desig": "UCAC4 621-075173, 2MASS J19273828+3411417, GSC2.3 N2GC066322",
"gdr3": 2046661975094606208,
"epphot": true,
"veb": false,
"tic": 395107536,
"coord": "19 27 38.298 +34 11 41.82",
"coordeg": [291.909575, 34.194950],
"type": "EA/HW",
"max": 15.42,
"min": 15.75,
"min2": 15.48,
"d": 0.09,
"system": "r",
"period": 0.064945815,
"epoch": 2458435.658,
"primref": "2020ApJS..249...18C",
"etype": "min",
"sp": "",
"G": 15.16,
"r": 1487,
"rp": 1466,
"comm": "",
"vsxoid": 1898232,
"lc": "z1927-ps1-ztf-gaia-ph.png",
"atlasfnam": "z1927-atlas.txt",
"atlaslim": {"o": 0.03, "c": 0.012},
"gaiadr3fnam": "z1927-gdr3.dat",
"curveshift": true,
"zcatf": "gr",
"clrshift": {"g": -0.38, "psg": -0.38, "r": 0, "psr": -0.05, "i": -0.12, "psi": 0.27, "psz": 0.49, "psy": 0.67,
             "o": 0.12, "c": -0.3, "G": -0.26},
"plot": {"ztffilt": "gri", "psfilt": "rizy", "atlasfilt": "",
  "psms": 7, "atlasms": {"o": 1.9, "c": 1.9}, "zms": 4, "gms": 6.5, "elw": 1,
  "atledgclr": "#922",
  "xmal": 800, "xmil": 100, "ymil": 0.01, "ymal": 0.1,
  "xedges": 210,
  "xlim": [-0.5, 1],
  "ylim": [15.78, 15.37],
  "ylima": [15.78, 15.37]
}
}}