{
"z1954": {
"name": "ZTF J195456.69+101937.5",
"other": "Gaia DR3 4303334996112297856, USNO-B1.0 1003-0526633",
"desig": "2MASS J19545669+1019375, GSC2.3 N1XO028695, ZTF J195456.71+101937.5",
"gdr3": 4303334996112297856,
"epphot": true,
"veb": true,
"tic": 327517701,
"coord": "19 54 56.700 +10 19 37.56",
"coordeg": [298.7362500, 10.3271111],
"type": "EA/WD",
"max": 17.28,
"min": 18.83,
"d": 0.077,
"system": "g",
"period": 0.3102892,
"epoch": 2459697.8387,
"etype": "min",
"sp": "",
"G": 16.42,
"BP-RP": 1.655,
"comm": "",
"atlasfnam": "z1954-atlas.txt",
"atlaslim": {"o": 0.14, "c": 0.14},
"gaiadr3fnam": "z1954-gdr3.dat",
"vsxoid": 1988320,
"lclnk": "z1954-ztf-gaia-ph.png",
"curveshift": true,
"zcatf": "gr",
"clrshift": {"g": 0.0, "psg": -0.02, "r": -0.64, "psr": -0.55, "i": -2.51, "psi": -1.4, "psz": -1.86, "psy": -2.03,
             "o": -0.89, "c": -0.1, "CV": -0.42, "G": -0.89},
"plot": {"ztffilt": "gr", "psfilt": "", "atlasfilt": "oc",
  "psms": 7, "atlasms": {"o": 1.9, "c": 1.9}, "zms": 6, "gms": 6.5, "elw": 1,
  "atledgclr": "#922",
  "xmal": 800, "xmil": 100, "ymil": 0.05, "xedges": 230,
  "xlim": [-0.2, 1],
  "zoom": {
    "xlim": [-0.145, 0.145],
    "xmalp": 0.02,
    "xmilp": 0.01
  },
  "ylim": [18.95, 17.19],
  "ylima": [18.95, 17.19]
}
}}