{
"ztf20-21": {
"name": "ZTF J200831.70+212308.0",
"other": "TIC 322969894, GSC 01630-01228, UCAC4 557-108068, USNO-B1.0 1113-0488536",
"desig": "Gaia DR3 1829671671739141504, TIC 322969894, 2MASS J20083171+2123080, GSC2.3 N2O5111607",
"gdr3": 1829671671739141504,
"epphot": true,
"tic": 322969894,
"coord": "20 08 31.719 +21 23 08.09",
"coordeg": [302.13211, 21.3855459],
"type": "BY",
"max": 13.82,
"min": 13.91,
"system": "g",
"period": 1.538390,
"epoch": 2458306.515,
"epoch2": 2458306.706,
"etype": "max",
"2ndmin": 0.437,
"sp": "K",
"spref": "2023A&A...674A..26C",
"G": 13.06,
"r": 262,
"rp": 262,
"comm": "",
"vsxoid": 2022029,
"atlaslim": {"o": 0.008, "c": 0.008},
"asaslim": {"V": 0.022, "g": 0.02},
"pslim": 0.1,
"asasfnam": "ztf20-21-asas.csv",
"atlasfnam": "ztf20-21-atlas.txt",
"gaiadr3fnam": "ztf20-21-gdr3.dat",
"curveshift": true,
"zcatf": "gr",
"clrshift": {"g": 0, "psg": 0.13, "r": -0.85, "psr": 0, "i": 0.17, "psi": 0.17, "psz": -0.2, "psy": 0.55,
             "o": -0.93, "c": -0.41, "V": -0.33, "asasg": 0, "G": -0.76},
"plot": {"ztffilt": "gr", "psfilt": "", "atlasfilt": "", "asasfilt": "",
  "atlaslim": 0.2, "atlaselw": 0.26, "xmal": 500, "xmil": 100, "ymil": 0.01,
  "asasms": 3.5,
  "zms": 3.5,
  "gms": 4,
  "psms": 6,
  "atlasms": {"o": 2, "c": 2},
  "atledgclr": "darkred",
  "xedges": 140,
  "xlim": [-0.5, 1.5],
  "ylimtess": [0.867, 1.092],
  "xmalp": 0.2,
  "xlimz": [56939, 60377],
  "ylim": [14, 13.725],
  "ylima": [14, 13.725]
}
}}