oid,expid,hjd,mjd,mag,magerr,catflags,filtercode,ra,dec,chi,sharp,filefracday,field,ccdid,qid,limitmag,magzp,magzprms,clrcoeff,clrcounc,exptime,airmass,programid
1480115300059526,81351981,2458568.0199623723,58567.519814800000,18.7271805,0.042120304,0,zg,274.11664140000000,3.3249331,0.84799999,-0.00499999989,20190325519803,1480,15,3,19.8199997,26.2214985,0.028086653,-0.031443771,1.93418255E-05,30.0,1.28400004,1
1480115300059526,163131187,2459385.8172663640,59385.311875000000,18.6388435,0.039533202,0,zg,274.11670240000000,3.3248900,0.37099999,-0.01600000076,20210620311875,1480,15,3,20.0300007,26.3313217,0.025362037,-0.040064584,1.55391735E-05,30.0,1.20700002,2
1480115300059526,163131234,2459385.8177408680,59385.312349500000,18.6620522,0.040195070,0,zg,274.11669160000000,3.3249000,0.31500000,0.02999999933,20210620312350,1480,15,3,20.1700001,26.3306961,0.025777390,-0.035700493,1.57828745E-05,30.0,1.20599997,3
1480115300059526,163233224,2459386.8376451675,59386.332245400000,18.6856861,0.040882032,0,zg,274.11668570000000,3.3249000,0.79100001,-0.10599999875,20210621332245,1480,15,3,20.0699997,26.3650570,0.024456866,-0.042349853,1.42675253E-05,30.0,1.18400002,2
1480115300059526,163233271,2459386.8381196717,59386.332719900000,18.5982971,0.038406637,0,zg,274.11670150000000,3.3248800,0.38200000,-0.01600000076,20210621332720,1480,15,3,20.0300007,26.3571873,0.025716564,-0.037397422,1.58262283E-05,30.0,1.18400002,3
1480115300059526,163932953,2459393.8349532015,59393.329537000000,18.7764969,0.043646559,0,zg,274.11665850000000,3.3248951,0.39199999,-0.04399999976,20210628329525,1480,15,3,20.2800007,26.3821430,0.021443764,-0.046714410,1.10519914E-05,30.0,1.18299997,2
1480115300059526,163933000,2459393.8354162006,59393.330000000000,18.8319511,0.045435637,0,zg,274.11667450000000,3.3248809,0.40300000,-0.02099999972,20210628330000,1480,15,3,20.3500004,26.3690319,0.023272894,-0.042723775,1.29713762E-05,30.0,1.18299997,3
1480115300059526,166829854,2459422.8032719560,59422.298541700000,18.6514244,0.039890446,0,zg,274.11668310000000,3.3248890,0.90100002,0.08900000155,20210727298542,1480,15,3,20.3899994,26.3243122,0.021332107,-0.050475497,1.11556492E-05,30.0,1.25500000,2
1480115300059526,166829901,2459422.8037464340,59422.299016200000,18.7558765,0.043001100,0,zg,274.11667690000000,3.3249062,0.46000001,-0.05799999833,20210727299005,1480,15,3,20.4799995,26.3334484,0.020864267,-0.050037295,1.06833004E-05,30.0,1.25600004,3
